model,horizon,n_forecasts,mae,rmse,wape_pct,mape_pct,mean_error,mase,r2,interval_coverage_95_pct
Direct RF (lags),1,33,246.374846,321.361287,19.407930,19.657291,-6.108700,1.743858,0.345800,
Direct RF (lags),2,33,390.040042,477.386715,18.715117,18.180550,-221.016408,2.726897,0.206736,
Direct RF (lags),3,33,234.026117,313.137299,17.865416,18.702763,-1.690323,1.646365,0.513161,
Direct RF (lags),4,33,374.920448,487.986321,17.606408,16.940599,-211.008955,2.673357,0.144951,
Direct RF (lags),5,33,252.500949,349.867518,18.842076,19.230406,-16.527534,1.810159,0.395685,
Direct RF (lags),6,33,373.813031,478.786279,17.239407,16.675760,-247.790160,2.764481,0.172420,
SARIMAX,1,33,252.285365,384.996629,19.873525,19.832325,56.265637,1.737914,0.061061,84.848485
SARIMAX,2,33,333.725390,507.039807,16.012996,17.226409,112.152333,2.260101,0.105127,90.909091
SARIMAX,3,33,254.028870,331.760805,19.392414,20.524295,66.107506,1.792604,0.453530,96.969697
SARIMAX,4,33,402.708084,557.978628,18.911326,19.715243,154.485103,2.755933,-0.117920,90.909091
SARIMAX,5,33,285.619527,370.946778,21.313444,22.132668,96.968755,2.021837,0.320672,93.939394
SARIMAX,6,33,366.542842,521.655445,16.904122,17.869092,214.851815,2.473689,0.017587,96.969697
SARIMAX + RF residual,1,33,245.410024,352.779810,19.331927,19.519036,18.655383,1.713493,0.211628,
SARIMAX + RF residual,2,33,328.828608,449.843322,15.778036,16.289352,-66.963177,2.331170,0.295632,
SARIMAX + RF residual,3,33,253.677581,323.570456,19.365597,20.358967,-42.427715,1.838854,0.480179,
SARIMAX + RF residual,4,33,370.149442,504.372325,17.382359,17.438866,-50.787087,2.580345,0.086564,
SARIMAX + RF residual,5,33,269.044324,347.277743,20.076573,20.087514,-48.284614,1.950694,0.404598,
SARIMAX + RF residual,6,33,345.468256,478.427301,15.932210,16.161815,-55.425183,2.413885,0.173660,
Seasonal naive,1,33,303.424242,413.297714,23.901938,22.961967,-7.181818,2.110779,-0.082056,
Seasonal naive,2,33,335.757576,478.162645,16.110505,17.067548,10.363636,2.316944,0.204155,
Seasonal naive,3,33,264.515152,350.012164,20.192931,21.240187,-47.666667,1.891005,0.391750,
Seasonal naive,4,33,376.696970,552.316307,17.689834,17.724071,-35.000000,2.602856,-0.095346,
Seasonal naive,5,33,260.242424,355.883280,19.419759,18.870039,-77.818182,1.893107,0.374724,
Seasonal naive,6,33,326.818182,474.448484,15.072111,14.965525,-73.909091,2.275637,0.187348,
