model,origin_idx,origin_year,origin_season,origin_label,target_idx,target_year,target_season,target_label,horizon,actual,forecast,error,mase_scale,lower_95,upper_95
Seasonal naive,79,1989,Maha,Maha 1989/1990,80,1990,Yala,Yala 1990,1,891.000000,721.000000,-170.000000,110.948718,,
SARIMAX,79,1989,Maha,Maha 1989/1990,80,1990,Yala,Yala 1990,1,891.000000,870.627583,-20.372417,110.948718,597.594680,1226.445974
Direct RF (lags),79,1989,Maha,Maha 1989/1990,80,1990,Yala,Yala 1990,1,891.000000,866.525326,-24.474674,110.948718,,
SARIMAX + RF residual,79,1989,Maha,Maha 1989/1990,80,1990,Yala,Yala 1990,1,891.000000,813.400373,-77.599627,110.948718,,
Seasonal naive,79,1989,Maha,Maha 1989/1990,81,1990,Maha,Maha 1990/1991,2,1554.000000,1647.000000,93.000000,110.948718,,
SARIMAX,79,1989,Maha,Maha 1989/1990,81,1990,Maha,Maha 1990/1991,2,1554.000000,1628.547158,74.547158,110.948718,1116.547280,2296.299856
Direct RF (lags),79,1989,Maha,Maha 1989/1990,81,1990,Maha,Maha 1990/1991,2,1554.000000,1447.581130,-106.418870,110.948718,,
SARIMAX + RF residual,79,1989,Maha,Maha 1989/1990,81,1990,Maha,Maha 1990/1991,2,1554.000000,1411.053061,-142.946939,110.948718,,
Seasonal naive,79,1989,Maha,Maha 1989/1990,82,1991,Yala,Yala 1991,3,835.000000,721.000000,-114.000000,110.948718,,
SARIMAX,79,1989,Maha,Maha 1989/1990,82,1991,Yala,Yala 1991,3,835.000000,862.984168,27.984168,110.948718,552.231995,1287.192144
Direct RF (lags),79,1989,Maha,Maha 1989/1990,82,1991,Yala,Yala 1991,3,835.000000,865.750133,30.750133,110.948718,,
SARIMAX + RF residual,79,1989,Maha,Maha 1989/1990,82,1991,Yala,Yala 1991,3,835.000000,830.712007,-4.287993,110.948718,,
Seasonal naive,79,1989,Maha,Maha 1989/1990,83,1991,Maha,Maha 1991/1992,4,1630.000000,1647.000000,17.000000,110.948718,,
SARIMAX,79,1989,Maha,Maha 1989/1990,83,1991,Maha,Maha 1991/1992,4,1630.000000,1749.135877,119.135877,110.948718,1118.683759,2610.071499
Direct RF (lags),79,1989,Maha,Maha 1989/1990,83,1991,Maha,Maha 1991/1992,4,1630.000000,1537.834477,-92.165523,110.948718,,
SARIMAX + RF residual,79,1989,Maha,Maha 1989/1990,83,1991,Maha,Maha 1991/1992,4,1630.000000,1582.670535,-47.329465,110.948718,,
Seasonal naive,79,1989,Maha,Maha 1989/1990,84,1992,Yala,Yala 1992,5,710.000000,721.000000,11.000000,110.948718,,
SARIMAX,79,1989,Maha,Maha 1989/1990,84,1992,Yala,Yala 1992,5,710.000000,925.752090,215.752090,110.948718,538.133988,1488.782741
Direct RF (lags),79,1989,Maha,Maha 1989/1990,84,1992,Yala,Yala 1992,5,710.000000,927.511386,217.511386,110.948718,,
SARIMAX + RF residual,79,1989,Maha,Maha 1989/1990,84,1992,Yala,Yala 1992,5,710.000000,863.697621,153.697621,110.948718,,
Seasonal naive,79,1989,Maha,Maha 1989/1990,85,1992,Maha,Maha 1992/1993,6,1692.000000,1647.000000,-45.000000,110.948718,,
SARIMAX,79,1989,Maha,Maha 1989/1990,85,1992,Maha,Maha 1992/1993,6,1692.000000,1816.869540,124.869540,110.948718,1055.290067,2923.658344
Direct RF (lags),79,1989,Maha,Maha 1989/1990,85,1992,Maha,Maha 1992/1993,6,1692.000000,1527.822956,-164.177044,110.948718,,
SARIMAX + RF residual,79,1989,Maha,Maha 1989/1990,85,1992,Maha,Maha 1992/1993,6,1692.000000,1489.556024,-202.443976,110.948718,,
Seasonal naive,81,1990,Maha,Maha 1990/1991,82,1991,Yala,Yala 1991,1,835.000000,891.000000,56.000000,111.462500,,
SARIMAX,81,1990,Maha,Maha 1990/1991,82,1991,Yala,Yala 1991,1,835.000000,875.327959,40.327959,111.462500,603.860410,1227.914684
Direct RF (lags),81,1990,Maha,Maha 1990/1991,82,1991,Yala,Yala 1991,1,835.000000,862.251439,27.251439,111.462500,,
SARIMAX + RF residual,81,1990,Maha,Maha 1990/1991,82,1991,Yala,Yala 1991,1,835.000000,814.613759,-20.386241,111.462500,,
Seasonal naive,81,1990,Maha,Maha 1990/1991,83,1991,Maha,Maha 1991/1992,2,1630.000000,1554.000000,-76.000000,111.462500,,
SARIMAX,81,1990,Maha,Maha 1990/1991,83,1991,Maha,Maha 1991/1992,2,1630.000000,1707.243687,77.243687,111.462500,1176.463999,2397.142232
Direct RF (lags),81,1990,Maha,Maha 1990/1991,83,1991,Maha,Maha 1991/1992,2,1630.000000,1575.636128,-54.363872,111.462500,,
SARIMAX + RF residual,81,1990,Maha,Maha 1990/1991,83,1991,Maha,Maha 1991/1992,2,1630.000000,1570.186074,-59.813926,111.462500,,
Seasonal naive,81,1990,Maha,Maha 1990/1991,84,1992,Yala,Yala 1992,3,710.000000,891.000000,181.000000,111.462500,,
SARIMAX,81,1990,Maha,Maha 1990/1991,84,1992,Yala,Yala 1992,3,710.000000,942.640902,232.640902,111.462500,607.642146,1397.755191
Direct RF (lags),81,1990,Maha,Maha 1990/1991,84,1992,Yala,Yala 1992,3,710.000000,920.093827,210.093827,111.462500,,
SARIMAX + RF residual,81,1990,Maha,Maha 1990/1991,84,1992,Yala,Yala 1992,3,710.000000,855.595214,145.595214,111.462500,,
Seasonal naive,81,1990,Maha,Maha 1990/1991,85,1992,Maha,Maha 1992/1993,4,1692.000000,1554.000000,-138.000000,111.462500,,
SARIMAX,81,1990,Maha,Maha 1990/1991,85,1992,Maha,Maha 1992/1993,4,1692.000000,1756.639164,64.639164,111.462500,1131.776180,2605.836986
Direct RF (lags),81,1990,Maha,Maha 1990/1991,85,1992,Maha,Maha 1992/1993,4,1692.000000,1536.389500,-155.610500,111.462500,,
SARIMAX + RF residual,81,1990,Maha,Maha 1990/1991,85,1992,Maha,Maha 1992/1993,4,1692.000000,1500.088630,-191.911370,111.462500,,
Seasonal naive,81,1990,Maha,Maha 1990/1991,86,1993,Yala,Yala 1993,5,878.000000,891.000000,13.000000,111.462500,,
SARIMAX,81,1990,Maha,Maha 1990/1991,86,1993,Yala,Yala 1993,5,878.000000,977.580747,99.580747,111.462500,573.349573,1561.411827
Direct RF (lags),81,1990,Maha,Maha 1990/1991,86,1993,Yala,Yala 1993,5,878.000000,886.741698,8.741698,111.462500,,
SARIMAX + RF residual,81,1990,Maha,Maha 1990/1991,86,1993,Yala,Yala 1993,5,878.000000,841.537162,-36.462838,111.462500,,
Seasonal naive,81,1990,Maha,Maha 1990/1991,87,1993,Maha,Maha 1993/1994,6,1670.000000,1554.000000,-116.000000,111.462500,,
SARIMAX,81,1990,Maha,Maha 1990/1991,87,1993,Maha,Maha 1993/1994,6,1670.000000,1855.938363,185.938363,111.462500,1087.666591,2966.099676
Direct RF (lags),81,1990,Maha,Maha 1990/1991,87,1993,Maha,Maha 1993/1994,6,1670.000000,1550.517185,-119.482815,111.462500,,
SARIMAX + RF residual,81,1990,Maha,Maha 1990/1991,87,1993,Maha,Maha 1993/1994,6,1670.000000,1512.618706,-157.381294,111.462500,,
Seasonal naive,83,1991,Maha,Maha 1991/1992,84,1992,Yala,Yala 1992,1,710.000000,835.000000,125.000000,110.353659,,
SARIMAX,83,1991,Maha,Maha 1991/1992,84,1992,Yala,Yala 1992,1,710.000000,917.141927,207.141927,110.353659,635.821283,1281.326491
Direct RF (lags),83,1991,Maha,Maha 1991/1992,84,1992,Yala,Yala 1992,1,710.000000,864.662643,154.662643,110.353659,,
SARIMAX + RF residual,83,1991,Maha,Maha 1991/1992,84,1992,Yala,Yala 1992,1,710.000000,854.614691,144.614691,110.353659,,
Seasonal naive,83,1991,Maha,Maha 1991/1992,85,1992,Maha,Maha 1992/1993,2,1692.000000,1630.000000,-62.000000,110.353659,,
SARIMAX,83,1991,Maha,Maha 1991/1992,85,1992,Maha,Maha 1992/1993,2,1692.000000,1713.029785,21.029785,110.353659,1186.294340,2395.412485
Direct RF (lags),83,1991,Maha,Maha 1991/1992,85,1992,Maha,Maha 1992/1993,2,1692.000000,1461.780673,-230.219327,110.353659,,
SARIMAX + RF residual,83,1991,Maha,Maha 1991/1992,85,1992,Maha,Maha 1992/1993,2,1692.000000,1498.937167,-193.062833,110.353659,,
Seasonal naive,83,1991,Maha,Maha 1991/1992,86,1993,Yala,Yala 1993,3,878.000000,835.000000,-43.000000,110.353659,,
SARIMAX,83,1991,Maha,Maha 1991/1992,86,1993,Yala,Yala 1993,3,878.000000,942.669087,64.669087,110.353659,611.347378,1391.002348
Direct RF (lags),83,1991,Maha,Maha 1991/1992,86,1993,Yala,Yala 1993,3,878.000000,873.347559,-4.652441,110.353659,,
SARIMAX + RF residual,83,1991,Maha,Maha 1991/1992,86,1993,Yala,Yala 1993,3,878.000000,849.482663,-28.517337,110.353659,,
Seasonal naive,83,1991,Maha,Maha 1991/1992,87,1993,Maha,Maha 1993/1994,4,1670.000000,1630.000000,-40.000000,110.353659,,
SARIMAX,83,1991,Maha,Maha 1991/1992,87,1993,Maha,Maha 1993/1994,4,1670.000000,1792.728924,122.728924,110.353659,1162.055119,2646.415293
Direct RF (lags),83,1991,Maha,Maha 1991/1992,87,1993,Maha,Maha 1993/1994,4,1670.000000,1589.126321,-80.873679,110.353659,,
SARIMAX + RF residual,83,1991,Maha,Maha 1991/1992,87,1993,Maha,Maha 1993/1994,4,1670.000000,1540.901130,-129.098870,110.353659,,
Seasonal naive,83,1991,Maha,Maha 1991/1992,88,1994,Yala,Yala 1994,5,1013.000000,835.000000,-178.000000,110.353659,,
SARIMAX,83,1991,Maha,Maha 1991/1992,88,1994,Yala,Yala 1994,5,1013.000000,995.253605,-17.746395,110.353659,588.104793,1580.486703
Direct RF (lags),83,1991,Maha,Maha 1991/1992,88,1994,Yala,Yala 1994,5,1013.000000,899.791942,-113.208058,110.353659,,
SARIMAX + RF residual,83,1991,Maha,Maha 1991/1992,88,1994,Yala,Yala 1994,5,1013.000000,817.431830,-195.568170,110.353659,,
Seasonal naive,83,1991,Maha,Maha 1991/1992,89,1994,Maha,Maha 1994/1995,6,1761.000000,1630.000000,-131.000000,110.353659,,
SARIMAX,83,1991,Maha,Maha 1991/1992,89,1994,Maha,Maha 1994/1995,6,1761.000000,1878.895779,117.895779,110.353659,1109.428446,2985.452272
Direct RF (lags),83,1991,Maha,Maha 1991/1992,89,1994,Maha,Maha 1994/1995,6,1761.000000,1554.656780,-206.343220,110.353659,,
SARIMAX + RF residual,83,1991,Maha,Maha 1991/1992,89,1994,Maha,Maha 1994/1995,6,1761.000000,1518.555932,-242.444068,110.353659,,
Seasonal naive,85,1992,Maha,Maha 1992/1993,86,1993,Yala,Yala 1993,1,878.000000,710.000000,-168.000000,109.952381,,
SARIMAX,85,1992,Maha,Maha 1992/1993,86,1993,Yala,Yala 1993,1,878.000000,809.688677,-68.311323,109.952381,561.614940,1130.723325
Direct RF (lags),85,1992,Maha,Maha 1992/1993,86,1993,Yala,Yala 1993,1,878.000000,835.918746,-42.081254,109.952381,,
SARIMAX + RF residual,85,1992,Maha,Maha 1992/1993,86,1993,Yala,Yala 1993,1,878.000000,756.658354,-121.341646,109.952381,,
Seasonal naive,85,1992,Maha,Maha 1992/1993,87,1993,Maha,Maha 1993/1994,2,1670.000000,1692.000000,22.000000,109.952381,,
SARIMAX,85,1992,Maha,Maha 1992/1993,87,1993,Maha,Maha 1993/1994,2,1670.000000,1780.798906,110.798906,109.952381,1233.851415,2489.125299
Direct RF (lags),85,1992,Maha,Maha 1992/1993,87,1993,Maha,Maha 1993/1994,2,1670.000000,1530.585063,-139.414937,109.952381,,
SARIMAX + RF residual,85,1992,Maha,Maha 1992/1993,87,1993,Maha,Maha 1993/1994,2,1670.000000,1609.528590,-60.471410,109.952381,,
Seasonal naive,85,1992,Maha,Maha 1992/1993,88,1994,Yala,Yala 1994,3,1013.000000,710.000000,-303.000000,109.952381,,
SARIMAX,85,1992,Maha,Maha 1992/1993,88,1994,Yala,Yala 1994,3,1013.000000,817.775879,-195.224121,109.952381,529.894845,1207.546983
Direct RF (lags),85,1992,Maha,Maha 1992/1993,88,1994,Yala,Yala 1994,3,1013.000000,831.536680,-181.463320,109.952381,,
SARIMAX + RF residual,85,1992,Maha,Maha 1992/1993,88,1994,Yala,Yala 1994,3,1013.000000,755.493067,-257.506933,109.952381,,
Seasonal naive,85,1992,Maha,Maha 1992/1993,89,1994,Maha,Maha 1994/1995,4,1761.000000,1692.000000,-69.000000,109.952381,,
SARIMAX,85,1992,Maha,Maha 1992/1993,89,1994,Maha,Maha 1994/1995,4,1761.000000,1857.335960,96.335960,109.952381,1202.890391,2743.705093
Direct RF (lags),85,1992,Maha,Maha 1992/1993,89,1994,Maha,Maha 1994/1995,4,1761.000000,1627.847056,-133.152944,109.952381,,
SARIMAX + RF residual,85,1992,Maha,Maha 1992/1993,89,1994,Maha,Maha 1994/1995,4,1761.000000,1636.652391,-124.347609,109.952381,,
Seasonal naive,85,1992,Maha,Maha 1992/1993,90,1995,Yala,Yala 1995,5,1049.000000,710.000000,-339.000000,109.952381,,
SARIMAX,85,1992,Maha,Maha 1992/1993,90,1995,Yala,Yala 1995,5,1049.000000,866.908777,-182.091223,109.952381,511.880869,1377.468563
Direct RF (lags),85,1992,Maha,Maha 1992/1993,90,1995,Yala,Yala 1995,5,1049.000000,855.003101,-193.996899,109.952381,,
SARIMAX + RF residual,85,1992,Maha,Maha 1992/1993,90,1995,Yala,Yala 1995,5,1049.000000,702.663790,-346.336210,109.952381,,
Seasonal naive,85,1992,Maha,Maha 1992/1993,91,1995,Maha,Maha 1995/1996,6,1331.000000,1692.000000,361.000000,109.952381,,
SARIMAX,85,1992,Maha,Maha 1992/1993,91,1995,Maha,Maha 1995/1996,6,1331.000000,1943.768013,612.768013,109.952381,1146.875712,3090.312459
Direct RF (lags),85,1992,Maha,Maha 1992/1993,91,1995,Maha,Maha 1995/1996,6,1331.000000,1579.819326,248.819326,109.952381,,
SARIMAX + RF residual,85,1992,Maha,Maha 1992/1993,91,1995,Maha,Maha 1995/1996,6,1331.000000,1588.906838,257.906838,109.952381,,
Seasonal naive,87,1993,Maha,Maha 1993/1994,88,1994,Yala,Yala 1994,1,1013.000000,878.000000,-135.000000,109.604651,,
SARIMAX,87,1993,Maha,Maha 1993/1994,88,1994,Yala,Yala 1994,1,1013.000000,857.936516,-155.063484,109.604651,597.354019,1194.297760
Direct RF (lags),87,1993,Maha,Maha 1993/1994,88,1994,Yala,Yala 1994,1,1013.000000,829.972607,-183.027393,109.604651,,
SARIMAX + RF residual,87,1993,Maha,Maha 1993/1994,88,1994,Yala,Yala 1994,1,1013.000000,794.255008,-218.744992,109.604651,,
Seasonal naive,87,1993,Maha,Maha 1993/1994,89,1994,Maha,Maha 1994/1995,2,1761.000000,1670.000000,-91.000000,109.604651,,
SARIMAX,87,1993,Maha,Maha 1993/1994,89,1994,Maha,Maha 1994/1995,2,1761.000000,1794.058716,33.058716,109.604651,1247.830008,2499.632367
Direct RF (lags),87,1993,Maha,Maha 1993/1994,89,1994,Maha,Maha 1994/1995,2,1761.000000,1565.339683,-195.660317,109.604651,,
SARIMAX + RF residual,87,1993,Maha,Maha 1993/1994,89,1994,Maha,Maha 1994/1995,2,1761.000000,1601.496725,-159.503275,109.604651,,
Seasonal naive,87,1993,Maha,Maha 1993/1994,90,1995,Yala,Yala 1995,3,1049.000000,878.000000,-171.000000,109.604651,,
SARIMAX,87,1993,Maha,Maha 1993/1994,90,1995,Yala,Yala 1995,3,1049.000000,922.414985,-126.585015,109.604651,601.241351,1355.573938
Direct RF (lags),87,1993,Maha,Maha 1993/1994,90,1995,Yala,Yala 1995,3,1049.000000,857.767514,-191.232486,109.604651,,
SARIMAX + RF residual,87,1993,Maha,Maha 1993/1994,90,1995,Yala,Yala 1995,3,1049.000000,802.931745,-246.068255,109.604651,,
Seasonal naive,87,1993,Maha,Maha 1993/1994,91,1995,Maha,Maha 1995/1996,4,1331.000000,1670.000000,339.000000,109.604651,,
SARIMAX,87,1993,Maha,Maha 1993/1994,91,1995,Maha,Maha 1995/1996,4,1331.000000,1855.913216,524.913216,109.604651,1209.125079,2728.496799
Direct RF (lags),87,1993,Maha,Maha 1993/1994,91,1995,Maha,Maha 1995/1996,4,1331.000000,1629.552227,298.552227,109.604651,,
SARIMAX + RF residual,87,1993,Maha,Maha 1993/1994,91,1995,Maha,Maha 1995/1996,4,1331.000000,1639.394314,308.394314,109.604651,,
Seasonal naive,87,1993,Maha,Maha 1993/1994,92,1996,Yala,Yala 1996,5,730.000000,878.000000,148.000000,109.604651,,
SARIMAX,87,1993,Maha,Maha 1993/1994,92,1996,Yala,Yala 1996,5,730.000000,953.642405,223.642405,109.604651,567.132851,1506.935277
Direct RF (lags),87,1993,Maha,Maha 1993/1994,92,1996,Yala,Yala 1996,5,730.000000,861.551813,131.551813,109.604651,,
SARIMAX + RF residual,87,1993,Maha,Maha 1993/1994,92,1996,Yala,Yala 1996,5,730.000000,761.246727,31.246727,109.604651,,
Seasonal naive,87,1993,Maha,Maha 1993/1994,93,1996,Maha,Maha 1996/1997,6,1457.000000,1670.000000,213.000000,109.604651,,
SARIMAX,87,1993,Maha,Maha 1993/1994,93,1996,Maha,Maha 1996/1997,6,1457.000000,1949.137458,492.137458,109.604651,1158.324556,3081.716162
Direct RF (lags),87,1993,Maha,Maha 1993/1994,93,1996,Maha,Maha 1996/1997,6,1457.000000,1595.667583,138.667583,109.604651,,
SARIMAX + RF residual,87,1993,Maha,Maha 1993/1994,93,1996,Maha,Maha 1996/1997,6,1457.000000,1590.143508,133.143508,109.604651,,
Seasonal naive,89,1994,Maha,Maha 1994/1995,90,1995,Yala,Yala 1995,1,1049.000000,1013.000000,-36.000000,109.681818,,
SARIMAX,89,1994,Maha,Maha 1994/1995,90,1995,Yala,Yala 1995,1,1049.000000,1024.123144,-24.876856,109.681818,714.630492,1423.030182
Direct RF (lags),89,1994,Maha,Maha 1994/1995,90,1995,Yala,Yala 1995,1,1049.000000,858.656218,-190.343782,109.681818,,
SARIMAX + RF residual,89,1994,Maha,Maha 1994/1995,90,1995,Yala,Yala 1995,1,1049.000000,951.855195,-97.144805,109.681818,,
Seasonal naive,89,1994,Maha,Maha 1994/1995,91,1995,Maha,Maha 1995/1996,2,1331.000000,1761.000000,430.000000,109.681818,,
SARIMAX,89,1994,Maha,Maha 1994/1995,91,1995,Maha,Maha 1995/1996,2,1331.000000,1845.725884,514.725884,109.681818,1286.611960,2566.871577
Direct RF (lags),89,1994,Maha,Maha 1994/1995,91,1995,Maha,Maha 1995/1996,2,1331.000000,1588.464762,257.464762,109.681818,,
SARIMAX + RF residual,89,1994,Maha,Maha 1994/1995,91,1995,Maha,Maha 1995/1996,2,1331.000000,1683.391624,352.391624,109.681818,,
Seasonal naive,89,1994,Maha,Maha 1994/1995,92,1996,Yala,Yala 1996,3,730.000000,1013.000000,283.000000,109.681818,,
SARIMAX,89,1994,Maha,Maha 1994/1995,92,1996,Yala,Yala 1996,3,730.000000,1087.823380,357.823380,109.681818,709.531190,1597.791917
Direct RF (lags),89,1994,Maha,Maha 1994/1995,92,1996,Yala,Yala 1996,3,730.000000,877.599786,147.599786,109.681818,,
SARIMAX + RF residual,89,1994,Maha,Maha 1994/1995,92,1996,Yala,Yala 1996,3,730.000000,918.889590,188.889590,109.681818,,
Seasonal naive,89,1994,Maha,Maha 1994/1995,93,1996,Maha,Maha 1996/1997,4,1457.000000,1761.000000,304.000000,109.681818,,
SARIMAX,89,1994,Maha,Maha 1994/1995,93,1996,Maha,Maha 1996/1997,4,1457.000000,1932.655233,475.655233,109.681818,1259.965252,2839.783232
Direct RF (lags),89,1994,Maha,Maha 1994/1995,93,1996,Maha,Maha 1996/1997,4,1457.000000,1593.845142,136.845142,109.681818,,
SARIMAX + RF residual,89,1994,Maha,Maha 1994/1995,93,1996,Maha,Maha 1996/1997,4,1457.000000,1719.046807,262.046807,109.681818,,
Seasonal naive,89,1994,Maha,Maha 1994/1995,94,1997,Yala,Yala 1997,5,782.000000,1013.000000,231.000000,109.681818,,
SARIMAX,89,1994,Maha,Maha 1994/1995,94,1997,Yala,Yala 1997,5,782.000000,1132.760134,350.760134,109.681818,674.455323,1788.328753
Direct RF (lags),89,1994,Maha,Maha 1994/1995,94,1997,Yala,Yala 1997,5,782.000000,872.244206,90.244206,109.681818,,
SARIMAX + RF residual,89,1994,Maha,Maha 1994/1995,94,1997,Yala,Yala 1997,5,782.000000,913.719297,131.719297,109.681818,,
Seasonal naive,89,1994,Maha,Maha 1994/1995,95,1997,Maha,Maha 1997/1998,6,1781.000000,1761.000000,-20.000000,109.681818,,
SARIMAX,89,1994,Maha,Maha 1994/1995,95,1997,Maha,Maha 1997/1998,6,1781.000000,2023.996625,242.996625,109.681818,1204.260009,3197.092871
Direct RF (lags),89,1994,Maha,Maha 1994/1995,95,1997,Maha,Maha 1997/1998,6,1781.000000,1588.240457,-192.759543,109.681818,,
SARIMAX + RF residual,89,1994,Maha,Maha 1994/1995,95,1997,Maha,Maha 1997/1998,6,1781.000000,1682.826761,-98.173239,109.681818,,
Seasonal naive,91,1995,Maha,Maha 1995/1996,92,1996,Yala,Yala 1996,1,730.000000,1049.000000,319.000000,112.422222,,
SARIMAX,91,1995,Maha,Maha 1995/1996,92,1996,Yala,Yala 1996,1,730.000000,1082.461400,352.461400,112.422222,753.341422,1507.420611
Direct RF (lags),91,1995,Maha,Maha 1995/1996,92,1996,Yala,Yala 1996,1,730.000000,887.370018,157.370018,112.422222,,
SARIMAX + RF residual,91,1995,Maha,Maha 1995/1996,92,1996,Yala,Yala 1996,1,730.000000,998.106488,268.106488,112.422222,,
Seasonal naive,91,1995,Maha,Maha 1995/1996,93,1996,Maha,Maha 1996/1997,2,1457.000000,1331.000000,-126.000000,112.422222,,
SARIMAX,91,1995,Maha,Maha 1995/1996,93,1996,Maha,Maha 1996/1997,2,1457.000000,1585.074031,128.074031,112.422222,1101.994335,2209.259052
Direct RF (lags),91,1995,Maha,Maha 1995/1996,93,1996,Maha,Maha 1996/1997,2,1457.000000,1517.846899,60.846899,112.422222,,
SARIMAX + RF residual,91,1995,Maha,Maha 1995/1996,93,1996,Maha,Maha 1996/1997,2,1457.000000,1522.352709,65.352709,112.422222,,
Seasonal naive,91,1995,Maha,Maha 1995/1996,94,1997,Yala,Yala 1997,3,782.000000,1049.000000,267.000000,112.422222,,
SARIMAX,91,1995,Maha,Maha 1995/1996,94,1997,Yala,Yala 1997,3,782.000000,1136.792404,354.792404,112.422222,739.116319,1674.015940
Direct RF (lags),91,1995,Maha,Maha 1995/1996,94,1997,Yala,Yala 1997,3,782.000000,889.323323,107.323323,112.422222,,
SARIMAX + RF residual,91,1995,Maha,Maha 1995/1996,94,1997,Yala,Yala 1997,3,782.000000,949.800338,167.800338,112.422222,,
Seasonal naive,91,1995,Maha,Maha 1995/1996,95,1997,Maha,Maha 1997/1998,4,1781.000000,1331.000000,-450.000000,112.422222,,
SARIMAX,91,1995,Maha,Maha 1995/1996,95,1997,Maha,Maha 1997/1998,4,1781.000000,1572.792588,-208.207412,112.422222,1022.103174,2316.957835
Direct RF (lags),91,1995,Maha,Maha 1995/1996,95,1997,Maha,Maha 1997/1998,4,1781.000000,1437.763604,-343.236396,112.422222,,
SARIMAX + RF residual,91,1995,Maha,Maha 1995/1996,95,1997,Maha,Maha 1997/1998,4,1781.000000,1392.703066,-388.296934,112.422222,,
Seasonal naive,91,1995,Maha,Maha 1995/1996,96,1998,Yala,Yala 1998,5,911.000000,1049.000000,138.000000,112.422222,,
SARIMAX,91,1995,Maha,Maha 1995/1996,96,1998,Yala,Yala 1998,5,911.000000,1185.346045,274.346045,112.422222,703.081973,1876.874222
Direct RF (lags),91,1995,Maha,Maha 1995/1996,96,1998,Yala,Yala 1998,5,911.000000,944.309669,33.309669,112.422222,,
SARIMAX + RF residual,91,1995,Maha,Maha 1995/1996,96,1998,Yala,Yala 1998,5,911.000000,984.392230,73.392230,112.422222,,
Seasonal naive,91,1995,Maha,Maha 1995/1996,97,1998,Maha,Maha 1998/1999,6,1736.000000,1331.000000,-405.000000,112.422222,,
SARIMAX,91,1995,Maha,Maha 1995/1996,97,1998,Maha,Maha 1998/1999,6,1736.000000,1677.319731,-58.680269,112.422222,994.198701,2657.299622
Direct RF (lags),91,1995,Maha,Maha 1995/1996,97,1998,Maha,Maha 1998/1999,6,1736.000000,1463.587042,-272.412958,112.422222,,
SARIMAX + RF residual,91,1995,Maha,Maha 1995/1996,97,1998,Maha,Maha 1998/1999,6,1736.000000,1503.510014,-232.489986,112.422222,,
Seasonal naive,93,1996,Maha,Maha 1996/1997,94,1997,Yala,Yala 1997,1,782.000000,730.000000,-52.000000,114.815217,,
SARIMAX,93,1996,Maha,Maha 1996/1997,94,1997,Yala,Yala 1997,1,782.000000,892.540027,110.540027,114.815217,616.700708,1250.429090
Direct RF (lags),93,1996,Maha,Maha 1996/1997,94,1997,Yala,Yala 1997,1,782.000000,866.918481,84.918481,114.815217,,
SARIMAX + RF residual,93,1996,Maha,Maha 1996/1997,94,1997,Yala,Yala 1997,1,782.000000,872.788209,90.788209,114.815217,,
Seasonal naive,93,1996,Maha,Maha 1996/1997,95,1997,Maha,Maha 1997/1998,2,1781.000000,1457.000000,-324.000000,114.815217,,
SARIMAX,93,1996,Maha,Maha 1996/1997,95,1997,Maha,Maha 1997/1998,2,1781.000000,1481.121295,-299.878705,114.815217,1012.307149,2093.826116
Direct RF (lags),93,1996,Maha,Maha 1996/1997,95,1997,Maha,Maha 1997/1998,2,1781.000000,1438.501332,-342.498668,114.815217,,
SARIMAX + RF residual,93,1996,Maha,Maha 1996/1997,95,1997,Maha,Maha 1997/1998,2,1781.000000,1414.395462,-366.604538,114.815217,,
Seasonal naive,93,1996,Maha,Maha 1996/1997,96,1998,Yala,Yala 1998,3,911.000000,730.000000,-181.000000,114.815217,,
SARIMAX,93,1996,Maha,Maha 1996/1997,96,1998,Yala,Yala 1998,3,911.000000,864.586813,-46.413187,114.815217,551.759147,1292.387163
Direct RF (lags),93,1996,Maha,Maha 1996/1997,96,1998,Yala,Yala 1998,3,911.000000,878.506493,-32.493507,114.815217,,
SARIMAX + RF residual,93,1996,Maha,Maha 1996/1997,96,1998,Yala,Yala 1998,3,911.000000,864.778119,-46.221881,114.815217,,
Seasonal naive,93,1996,Maha,Maha 1996/1997,97,1998,Maha,Maha 1998/1999,4,1736.000000,1457.000000,-279.000000,114.815217,,
SARIMAX,93,1996,Maha,Maha 1996/1997,97,1998,Maha,Maha 1998/1999,4,1736.000000,1556.699884,-179.300116,114.815217,989.377883,2334.615604
Direct RF (lags),93,1996,Maha,Maha 1996/1997,97,1998,Maha,Maha 1998/1999,4,1736.000000,1512.357032,-223.642968,114.815217,,
SARIMAX + RF residual,93,1996,Maha,Maha 1996/1997,97,1998,Maha,Maha 1998/1999,4,1736.000000,1489.501116,-246.498884,114.815217,,
Seasonal naive,93,1996,Maha,Maha 1996/1997,98,1999,Yala,Yala 1999,5,1121.000000,730.000000,-391.000000,114.815217,,
SARIMAX,93,1996,Maha,Maha 1996/1997,98,1999,Yala,Yala 1999,5,1121.000000,928.180121,-192.819879,114.815217,535.495813,1501.312229
Direct RF (lags),93,1996,Maha,Maha 1996/1997,98,1999,Yala,Yala 1999,5,1121.000000,944.969816,-176.030184,114.815217,,
SARIMAX + RF residual,93,1996,Maha,Maha 1996/1997,98,1999,Yala,Yala 1999,5,1121.000000,904.470217,-216.529783,114.815217,,
Seasonal naive,93,1996,Maha,Maha 1996/1997,99,1999,Maha,Maha 1999/2000,6,1781.000000,1457.000000,-324.000000,114.815217,,
SARIMAX,93,1996,Maha,Maha 1996/1997,99,1999,Maha,Maha 1999/2000,6,1781.000000,1612.585634,-168.414366,114.815217,924.875540,2620.086599
Direct RF (lags),93,1996,Maha,Maha 1996/1997,99,1999,Maha,Maha 1999/2000,6,1781.000000,1553.707696,-227.292304,114.815217,,
SARIMAX + RF residual,93,1996,Maha,Maha 1996/1997,99,1999,Maha,Maha 1999/2000,6,1781.000000,1479.692497,-301.307503,114.815217,,
Seasonal naive,95,1997,Maha,Maha 1997/1998,96,1998,Yala,Yala 1998,1,911.000000,782.000000,-129.000000,116.372340,,
SARIMAX,95,1997,Maha,Maha 1997/1998,96,1998,Yala,Yala 1998,1,911.000000,820.174284,-90.825716,116.372340,568.096125,1146.695680
Direct RF (lags),95,1997,Maha,Maha 1997/1998,96,1998,Yala,Yala 1998,1,911.000000,864.236067,-46.763933,116.372340,,
SARIMAX + RF residual,95,1997,Maha,Maha 1997/1998,96,1998,Yala,Yala 1998,1,911.000000,844.366113,-66.633887,116.372340,,
Seasonal naive,95,1997,Maha,Maha 1997/1998,97,1998,Maha,Maha 1998/1999,2,1736.000000,1781.000000,45.000000,116.372340,,
SARIMAX,95,1997,Maha,Maha 1997/1998,97,1998,Maha,Maha 1998/1999,2,1736.000000,1756.781246,20.781246,116.372340,1215.418220,2458.567756
Direct RF (lags),95,1997,Maha,Maha 1997/1998,97,1998,Maha,Maha 1998/1999,2,1736.000000,1496.353423,-239.646577,116.372340,,
SARIMAX + RF residual,95,1997,Maha,Maha 1997/1998,97,1998,Maha,Maha 1998/1999,2,1736.000000,1571.143248,-164.856752,116.372340,,
Seasonal naive,95,1997,Maha,Maha 1997/1998,98,1999,Yala,Yala 1999,3,1121.000000,782.000000,-339.000000,116.372340,,
SARIMAX,95,1997,Maha,Maha 1997/1998,98,1999,Yala,Yala 1999,3,1121.000000,853.081927,-267.918073,116.372340,548.882031,1266.862551
Direct RF (lags),95,1997,Maha,Maha 1997/1998,98,1999,Yala,Yala 1999,3,1121.000000,886.177725,-234.822275,116.372340,,
SARIMAX + RF residual,95,1997,Maha,Maha 1997/1998,98,1999,Yala,Yala 1999,3,1121.000000,908.114916,-212.885084,116.372340,,
Seasonal naive,95,1997,Maha,Maha 1997/1998,99,1999,Maha,Maha 1999/2000,4,1781.000000,1781.000000,0.000000,116.372340,,
SARIMAX,95,1997,Maha,Maha 1997/1998,99,1999,Maha,Maha 1999/2000,4,1781.000000,1869.575108,88.575108,116.372340,1202.233346,2777.643260
Direct RF (lags),95,1997,Maha,Maha 1997/1998,99,1999,Maha,Maha 1999/2000,4,1781.000000,1652.050134,-128.949866,116.372340,,
SARIMAX + RF residual,95,1997,Maha,Maha 1997/1998,99,1999,Maha,Maha 1999/2000,4,1781.000000,1667.535285,-113.464715,116.372340,,
Seasonal naive,95,1997,Maha,Maha 1997/1998,100,2000,Yala,Yala 2000,5,1079.000000,782.000000,-297.000000,116.372340,,
SARIMAX,95,1997,Maha,Maha 1997/1998,100,2000,Yala,Yala 2000,5,1079.000000,889.843909,-189.156091,116.372340,521.401574,1422.304959
Direct RF (lags),95,1997,Maha,Maha 1997/1998,100,2000,Yala,Yala 2000,5,1079.000000,865.876586,-213.123414,116.372340,,
SARIMAX + RF residual,95,1997,Maha,Maha 1997/1998,100,2000,Yala,Yala 2000,5,1079.000000,856.832405,-222.167595,116.372340,,
Seasonal naive,95,1997,Maha,Maha 1997/1998,101,2000,Maha,Maha 2000/2001,6,1613.000000,1781.000000,168.000000,116.372340,,
SARIMAX,95,1997,Maha,Maha 1997/1998,101,2000,Maha,Maha 2000/2001,6,1613.000000,1933.549238,320.549238,116.372340,1132.081388,3092.377592
Direct RF (lags),95,1997,Maha,Maha 1997/1998,101,2000,Maha,Maha 2000/2001,6,1613.000000,1588.424402,-24.575598,116.372340,,
SARIMAX + RF residual,95,1997,Maha,Maha 1997/1998,101,2000,Maha,Maha 2000/2001,6,1613.000000,1548.452434,-64.547566,116.372340,,
Seasonal naive,97,1998,Maha,Maha 1998/1999,98,1999,Yala,Yala 1999,1,1121.000000,911.000000,-210.000000,115.760417,,
SARIMAX,97,1998,Maha,Maha 1998/1999,98,1999,Yala,Yala 1999,1,1121.000000,915.349347,-205.650653,115.760417,636.071442,1276.320487
Direct RF (lags),97,1998,Maha,Maha 1998/1999,98,1999,Yala,Yala 1999,1,1121.000000,881.692574,-239.307426,115.760417,,
SARIMAX + RF residual,97,1998,Maha,Maha 1998/1999,98,1999,Yala,Yala 1999,1,1121.000000,840.360610,-280.639390,115.760417,,
Seasonal naive,97,1998,Maha,Maha 1998/1999,99,1999,Maha,Maha 1999/2000,2,1781.000000,1736.000000,-45.000000,115.760417,,
SARIMAX,97,1998,Maha,Maha 1998/1999,99,1999,Maha,Maha 1999/2000,2,1781.000000,1863.944960,82.944960,115.760417,1293.738663,2601.521047
Direct RF (lags),97,1998,Maha,Maha 1998/1999,99,1999,Maha,Maha 1999/2000,2,1781.000000,1578.394355,-202.605645,115.760417,,
SARIMAX + RF residual,97,1998,Maha,Maha 1998/1999,99,1999,Maha,Maha 1999/2000,2,1781.000000,1603.182499,-177.817501,115.760417,,
Seasonal naive,97,1998,Maha,Maha 1998/1999,100,2000,Yala,Yala 2000,3,1079.000000,911.000000,-168.000000,115.760417,,
SARIMAX,97,1998,Maha,Maha 1998/1999,100,2000,Yala,Yala 2000,3,1079.000000,968.461999,-110.538001,115.760417,625.426610,1433.936632
Direct RF (lags),97,1998,Maha,Maha 1998/1999,100,2000,Yala,Yala 2000,3,1079.000000,881.416382,-197.583618,115.760417,,
SARIMAX + RF residual,97,1998,Maha,Maha 1998/1999,100,2000,Yala,Yala 2000,3,1079.000000,655.362829,-423.637171,115.760417,,
Seasonal naive,97,1998,Maha,Maha 1998/1999,101,2000,Maha,Maha 2000/2001,4,1613.000000,1736.000000,123.000000,115.760417,,
SARIMAX,97,1998,Maha,Maha 1998/1999,101,2000,Maha,Maha 2000/2001,4,1613.000000,1923.888992,310.888992,115.760417,1241.746861,2849.844373
Direct RF (lags),97,1998,Maha,Maha 1998/1999,101,2000,Maha,Maha 2000/2001,4,1613.000000,1603.713715,-9.286285,115.760417,,
SARIMAX + RF residual,97,1998,Maha,Maha 1998/1999,101,2000,Maha,Maha 2000/2001,4,1613.000000,1588.093667,-24.906333,115.760417,,
Seasonal naive,97,1998,Maha,Maha 1998/1999,102,2001,Yala,Yala 2001,5,1082.000000,911.000000,-171.000000,115.760417,,
SARIMAX,97,1998,Maha,Maha 1998/1999,102,2001,Yala,Yala 2001,5,1082.000000,1004.909525,-77.090475,115.760417,591.542308,1600.538172
Direct RF (lags),97,1998,Maha,Maha 1998/1999,102,2001,Yala,Yala 2001,5,1082.000000,864.220931,-217.779069,115.760417,,
SARIMAX + RF residual,97,1998,Maha,Maha 1998/1999,102,2001,Yala,Yala 2001,5,1082.000000,776.111420,-305.888580,115.760417,,
Seasonal naive,97,1998,Maha,Maha 1998/1999,103,2001,Maha,Maha 2001/2002,6,1774.000000,1736.000000,-38.000000,115.760417,,
SARIMAX,97,1998,Maha,Maha 1998/1999,103,2001,Maha,Maha 2001/2002,6,1774.000000,2014.839618,240.839618,115.760417,1185.132261,3210.966280
Direct RF (lags),97,1998,Maha,Maha 1998/1999,103,2001,Maha,Maha 2001/2002,6,1774.000000,1554.897934,-219.102066,115.760417,,
SARIMAX + RF residual,97,1998,Maha,Maha 1998/1999,103,2001,Maha,Maha 2001/2002,6,1774.000000,1569.507549,-204.492451,115.760417,,
Seasonal naive,99,1999,Maha,Maha 1999/2000,100,2000,Yala,Yala 2000,1,1079.000000,1121.000000,42.000000,116.000000,,
SARIMAX,99,1999,Maha,Maha 1999/2000,100,2000,Yala,Yala 2000,1,1079.000000,1104.485316,25.485316,116.000000,768.201182,1538.872221
Direct RF (lags),99,1999,Maha,Maha 1999/2000,100,2000,Yala,Yala 2000,1,1079.000000,993.955622,-85.044378,116.000000,,
SARIMAX + RF residual,99,1999,Maha,Maha 1999/2000,100,2000,Yala,Yala 2000,1,1079.000000,1009.160114,-69.839886,116.000000,,
Seasonal naive,99,1999,Maha,Maha 1999/2000,101,2000,Maha,Maha 2000/2001,2,1613.000000,1781.000000,168.000000,116.000000,,
SARIMAX,99,1999,Maha,Maha 1999/2000,101,2000,Maha,Maha 2000/2001,2,1613.000000,1879.225269,266.225269,116.000000,1305.551529,2620.826600
Direct RF (lags),99,1999,Maha,Maha 1999/2000,101,2000,Maha,Maha 2000/2001,2,1613.000000,1586.491983,-26.508017,116.000000,,
SARIMAX + RF residual,99,1999,Maha,Maha 1999/2000,101,2000,Maha,Maha 2000/2001,2,1613.000000,1623.700174,10.700174,116.000000,,
Seasonal naive,99,1999,Maha,Maha 1999/2000,102,2001,Yala,Yala 2001,3,1082.000000,1121.000000,39.000000,116.000000,,
SARIMAX,99,1999,Maha,Maha 1999/2000,102,2001,Yala,Yala 2001,3,1082.000000,1178.977064,96.977064,116.000000,761.071794,1746.193613
Direct RF (lags),99,1999,Maha,Maha 1999/2000,102,2001,Yala,Yala 2001,3,1082.000000,978.276717,-103.723283,116.000000,,
SARIMAX + RF residual,99,1999,Maha,Maha 1999/2000,102,2001,Yala,Yala 2001,3,1082.000000,832.846547,-249.153453,116.000000,,
Seasonal naive,99,1999,Maha,Maha 1999/2000,103,2001,Maha,Maha 2001/2002,4,1774.000000,1781.000000,7.000000,116.000000,,
SARIMAX,99,1999,Maha,Maha 1999/2000,103,2001,Maha,Maha 2001/2002,4,1774.000000,1956.368271,182.368271,116.000000,1262.204544,2898.889895
Direct RF (lags),99,1999,Maha,Maha 1999/2000,103,2001,Maha,Maha 2001/2002,4,1774.000000,1566.193472,-207.806528,116.000000,,
SARIMAX + RF residual,99,1999,Maha,Maha 1999/2000,103,2001,Maha,Maha 2001/2002,4,1774.000000,1610.337204,-163.662796,116.000000,,
Seasonal naive,99,1999,Maha,Maha 1999/2000,104,2002,Yala,Yala 2002,5,1086.000000,1121.000000,35.000000,116.000000,,
SARIMAX,99,1999,Maha,Maha 1999/2000,104,2002,Yala,Yala 2002,5,1086.000000,1221.975995,135.975995,116.000000,719.105524,1946.709157
Direct RF (lags),99,1999,Maha,Maha 1999/2000,104,2002,Yala,Yala 2002,5,1086.000000,1110.753237,24.753237,116.000000,,
SARIMAX + RF residual,99,1999,Maha,Maha 1999/2000,104,2002,Yala,Yala 2002,5,1086.000000,964.764977,-121.235023,116.000000,,
Seasonal naive,99,1999,Maha,Maha 1999/2000,105,2002,Maha,Maha 2002/2003,6,1895.000000,1781.000000,-114.000000,116.000000,,
SARIMAX,99,1999,Maha,Maha 1999/2000,105,2002,Maha,Maha 2002/2003,6,1895.000000,2046.392223,151.392223,116.000000,1203.346430,3261.970817
Direct RF (lags),99,1999,Maha,Maha 1999/2000,105,2002,Maha,Maha 2002/2003,6,1895.000000,1617.540606,-277.459394,116.000000,,
SARIMAX + RF residual,99,1999,Maha,Maha 1999/2000,105,2002,Maha,Maha 2002/2003,6,1895.000000,1654.781305,-240.218695,116.000000,,
Seasonal naive,101,2000,Maha,Maha 2000/2001,102,2001,Yala,Yala 2001,1,1082.000000,1079.000000,-3.000000,115.780000,,
SARIMAX,101,2000,Maha,Maha 2000/2001,102,2001,Yala,Yala 2001,1,1082.000000,1152.522737,70.522737,115.780000,803.870164,1602.037281
Direct RF (lags),101,2000,Maha,Maha 2000/2001,102,2001,Yala,Yala 2001,1,1082.000000,925.898163,-156.101837,115.780000,,
SARIMAX + RF residual,101,2000,Maha,Maha 2000/2001,102,2001,Yala,Yala 2001,1,1082.000000,1024.946371,-57.053629,115.780000,,
Seasonal naive,101,2000,Maha,Maha 2000/2001,103,2001,Maha,Maha 2001/2002,2,1774.000000,1613.000000,-161.000000,115.780000,,
SARIMAX,101,2000,Maha,Maha 2000/2001,103,2001,Maha,Maha 2001/2002,2,1774.000000,1777.071204,3.071204,115.780000,1238.076035,2472.523291
Direct RF (lags),101,2000,Maha,Maha 2000/2001,103,2001,Maha,Maha 2001/2002,2,1774.000000,1572.739834,-201.260166,115.780000,,
SARIMAX + RF residual,101,2000,Maha,Maha 2000/2001,103,2001,Maha,Maha 2001/2002,2,1774.000000,1549.796506,-224.203494,115.780000,,
Seasonal naive,101,2000,Maha,Maha 2000/2001,104,2002,Yala,Yala 2002,3,1086.000000,1079.000000,-7.000000,115.780000,,
SARIMAX,101,2000,Maha,Maha 2000/2001,104,2002,Yala,Yala 2002,3,1086.000000,1192.341469,106.341469,115.780000,772.295687,1761.203017
Direct RF (lags),101,2000,Maha,Maha 2000/2001,104,2002,Yala,Yala 2002,3,1086.000000,1018.226880,-67.773120,115.780000,,
SARIMAX + RF residual,101,2000,Maha,Maha 2000/2001,104,2002,Yala,Yala 2002,3,1086.000000,904.296348,-181.703652,115.780000,,
Seasonal naive,101,2000,Maha,Maha 2000/2001,105,2002,Maha,Maha 2002/2003,4,1895.000000,1613.000000,-282.000000,115.780000,,
SARIMAX,101,2000,Maha,Maha 2000/2001,105,2002,Maha,Maha 2002/2003,4,1895.000000,1817.878681,-77.121319,115.780000,1176.820930,2686.365451
Direct RF (lags),101,2000,Maha,Maha 2000/2001,105,2002,Maha,Maha 2002/2003,4,1895.000000,1562.886117,-332.113883,115.780000,,
SARIMAX + RF residual,101,2000,Maha,Maha 2000/2001,105,2002,Maha,Maha 2002/2003,4,1895.000000,1604.416717,-290.583283,115.780000,,
Seasonal naive,101,2000,Maha,Maha 2000/2001,106,2003,Yala,Yala 2003,5,1172.000000,1079.000000,-93.000000,115.780000,,
SARIMAX,101,2000,Maha,Maha 2000/2001,106,2003,Yala,Yala 2003,5,1172.000000,1247.828001,75.828001,115.780000,737.398864,1981.486607
Direct RF (lags),101,2000,Maha,Maha 2000/2001,106,2003,Yala,Yala 2003,5,1172.000000,1143.937937,-28.062063,115.780000,,
SARIMAX + RF residual,101,2000,Maha,Maha 2000/2001,106,2003,Yala,Yala 2003,5,1172.000000,1031.234831,-140.765169,115.780000,,
Seasonal naive,101,2000,Maha,Maha 2000/2001,107,2003,Maha,Maha 2003/2004,6,1670.000000,1613.000000,-57.000000,115.780000,,
SARIMAX,101,2000,Maha,Maha 2000/2001,107,2003,Maha,Maha 2003/2004,6,1670.000000,1910.342979,240.342979,115.780000,1128.071307,3035.265718
Direct RF (lags),101,2000,Maha,Maha 2000/2001,107,2003,Maha,Maha 2003/2004,6,1670.000000,1623.627807,-46.372193,115.780000,,
SARIMAX + RF residual,101,2000,Maha,Maha 2000/2001,107,2003,Maha,Maha 2003/2004,6,1670.000000,1688.936915,18.936915,115.780000,,
Seasonal naive,103,2001,Maha,Maha 2001/2002,104,2002,Yala,Yala 2002,1,1086.000000,1082.000000,-4.000000,115.117647,,
SARIMAX,103,2001,Maha,Maha 2001/2002,104,2002,Yala,Yala 2002,1,1086.000000,1149.501201,63.501201,115.117647,804.744439,1592.886239
Direct RF (lags),103,2001,Maha,Maha 2001/2002,104,2002,Yala,Yala 2002,1,1086.000000,934.638284,-151.361716,115.117647,,
SARIMAX + RF residual,103,2001,Maha,Maha 2001/2002,104,2002,Yala,Yala 2002,1,1086.000000,1061.989158,-24.010842,115.117647,,
Seasonal naive,103,2001,Maha,Maha 2001/2002,105,2002,Maha,Maha 2002/2003,2,1895.000000,1774.000000,-121.000000,115.117647,,
SARIMAX,103,2001,Maha,Maha 2001/2002,105,2002,Maha,Maha 2002/2003,2,1895.000000,1820.862015,-74.137985,115.117647,1273.324519,2525.569566
Direct RF (lags),103,2001,Maha,Maha 2001/2002,105,2002,Maha,Maha 2002/2003,2,1895.000000,1553.612522,-341.387478,115.117647,,
SARIMAX + RF residual,103,2001,Maha,Maha 2001/2002,105,2002,Maha,Maha 2002/2003,2,1895.000000,1586.093409,-308.906591,115.117647,,
Seasonal naive,103,2001,Maha,Maha 2001/2002,106,2003,Yala,Yala 2003,3,1172.000000,1082.000000,-90.000000,115.117647,,
SARIMAX,103,2001,Maha,Maha 2001/2002,106,2003,Yala,Yala 2003,3,1172.000000,1190.943040,18.943040,115.117647,774.844636,1752.804724
Direct RF (lags),103,2001,Maha,Maha 2001/2002,106,2003,Yala,Yala 2003,3,1172.000000,949.180978,-222.819022,115.117647,,
SARIMAX + RF residual,103,2001,Maha,Maha 2001/2002,106,2003,Yala,Yala 2003,3,1172.000000,943.180039,-228.819961,115.117647,,
Seasonal naive,103,2001,Maha,Maha 2001/2002,107,2003,Maha,Maha 2003/2004,4,1670.000000,1774.000000,104.000000,115.117647,,
SARIMAX,103,2001,Maha,Maha 2001/2002,107,2003,Maha,Maha 2003/2004,4,1670.000000,1910.322851,240.322851,115.117647,1242.216482,2812.792102
Direct RF (lags),103,2001,Maha,Maha 2001/2002,107,2003,Maha,Maha 2003/2004,4,1670.000000,1608.475466,-61.524534,115.117647,,
SARIMAX + RF residual,103,2001,Maha,Maha 2001/2002,107,2003,Maha,Maha 2003/2004,4,1670.000000,1632.629087,-37.370913,115.117647,,
Seasonal naive,103,2001,Maha,Maha 2001/2002,108,2004,Yala,Yala 2004,5,958.000000,1082.000000,124.000000,115.117647,,
SARIMAX,103,2001,Maha,Maha 2001/2002,108,2004,Yala,Yala 2004,5,958.000000,1244.983698,286.983698,115.117647,739.794896,1968.542950
Direct RF (lags),103,2001,Maha,Maha 2001/2002,108,2004,Yala,Yala 2004,5,958.000000,1135.081550,177.081550,115.117647,,
SARIMAX + RF residual,103,2001,Maha,Maha 2001/2002,108,2004,Yala,Yala 2004,5,958.000000,1041.573403,83.573403,115.117647,,
Seasonal naive,103,2001,Maha,Maha 2001/2002,109,2004,Maha,Maha 2004/2005,6,2013.000000,1774.000000,-239.000000,115.117647,,
SARIMAX,103,2001,Maha,Maha 2001/2002,109,2004,Maha,Maha 2004/2005,6,2013.000000,1987.927102,-25.072898,115.117647,1180.407861,3145.040586
Direct RF (lags),103,2001,Maha,Maha 2001/2002,109,2004,Maha,Maha 2004/2005,6,2013.000000,1644.368259,-368.631741,115.117647,,
SARIMAX + RF residual,103,2001,Maha,Maha 2001/2002,109,2004,Maha,Maha 2004/2005,6,2013.000000,1666.012405,-346.987595,115.117647,,
Seasonal naive,105,2002,Maha,Maha 2002/2003,106,2003,Yala,Yala 2003,1,1172.000000,1086.000000,-86.000000,114.105769,,
SARIMAX,105,2002,Maha,Maha 2002/2003,106,2003,Yala,Yala 2003,1,1172.000000,1156.455807,-15.544193,114.105769,812.407300,1597.906426
Direct RF (lags),105,2002,Maha,Maha 2002/2003,106,2003,Yala,Yala 2003,1,1172.000000,992.754865,-179.245135,114.105769,,
SARIMAX + RF residual,105,2002,Maha,Maha 2002/2003,106,2003,Yala,Yala 2003,1,1172.000000,1104.235173,-67.764827,114.105769,,
Seasonal naive,105,2002,Maha,Maha 2002/2003,107,2003,Maha,Maha 2003/2004,2,1670.000000,1895.000000,225.000000,114.105769,,
SARIMAX,105,2002,Maha,Maha 2002/2003,107,2003,Maha,Maha 2003/2004,2,1670.000000,1966.088851,296.088851,114.105769,1379.656781,2719.098987
Direct RF (lags),105,2002,Maha,Maha 2002/2003,107,2003,Maha,Maha 2003/2004,2,1670.000000,1587.137062,-82.862938,114.105769,,
SARIMAX + RF residual,105,2002,Maha,Maha 2002/2003,107,2003,Maha,Maha 2003/2004,2,1670.000000,1735.206029,65.206029,114.105769,,
Seasonal naive,105,2002,Maha,Maha 2002/2003,108,2004,Yala,Yala 2004,3,958.000000,1086.000000,128.000000,114.105769,,
SARIMAX,105,2002,Maha,Maha 2002/2003,108,2004,Yala,Yala 2004,3,958.000000,1197.129284,239.129284,114.105769,781.975290,1756.248380
Direct RF (lags),105,2002,Maha,Maha 2002/2003,108,2004,Yala,Yala 2004,3,958.000000,1004.711296,46.711296,114.105769,,
SARIMAX + RF residual,105,2002,Maha,Maha 2002/2003,108,2004,Yala,Yala 2004,3,958.000000,1029.161718,71.161718,114.105769,,
Seasonal naive,105,2002,Maha,Maha 2002/2003,109,2004,Maha,Maha 2004/2005,4,2013.000000,1895.000000,-118.000000,114.105769,,
SARIMAX,105,2002,Maha,Maha 2002/2003,109,2004,Maha,Maha 2004/2005,4,2013.000000,2054.526565,41.526565,114.105769,1341.329228,3015.375867
Direct RF (lags),105,2002,Maha,Maha 2002/2003,109,2004,Maha,Maha 2004/2005,4,2013.000000,1655.512268,-357.487732,114.105769,,
SARIMAX + RF residual,105,2002,Maha,Maha 2002/2003,109,2004,Maha,Maha 2004/2005,4,2013.000000,1751.227019,-261.772981,114.105769,,
Seasonal naive,105,2002,Maha,Maha 2002/2003,110,2005,Yala,Yala 2005,5,1233.000000,1086.000000,-147.000000,114.105769,,
SARIMAX,105,2002,Maha,Maha 2002/2003,110,2005,Yala,Yala 2005,5,1233.000000,1251.782732,18.782732,114.105769,747.518066,1971.732217
Direct RF (lags),105,2002,Maha,Maha 2002/2003,110,2005,Yala,Yala 2005,5,1233.000000,1175.935046,-57.064954,114.105769,,
SARIMAX + RF residual,105,2002,Maha,Maha 2002/2003,110,2005,Yala,Yala 2005,5,1233.000000,1053.058092,-179.941908,114.105769,,
Seasonal naive,105,2002,Maha,Maha 2002/2003,111,2005,Maha,Maha 2005/2006,6,2135.000000,1895.000000,-240.000000,114.105769,,
SARIMAX,105,2002,Maha,Maha 2002/2003,111,2005,Maha,Maha 2005/2006,6,2135.000000,2141.008042,6.008042,114.105769,1277.622332,3374.244950
Direct RF (lags),105,2002,Maha,Maha 2002/2003,111,2005,Maha,Maha 2005/2006,6,2135.000000,1673.520631,-461.479369,114.105769,,
SARIMAX + RF residual,105,2002,Maha,Maha 2002/2003,111,2005,Maha,Maha 2005/2006,6,2135.000000,1803.527523,-331.472477,114.105769,,
Seasonal naive,107,2003,Maha,Maha 2003/2004,108,2004,Yala,Yala 2004,1,958.000000,1172.000000,214.000000,114.886792,,
SARIMAX,107,2003,Maha,Maha 2003/2004,108,2004,Yala,Yala 2004,1,958.000000,1197.203335,239.203335,114.886792,842.906784,1651.122925
Direct RF (lags),107,2003,Maha,Maha 2003/2004,108,2004,Yala,Yala 2004,1,958.000000,1302.729907,344.729907,114.886792,,
SARIMAX + RF residual,107,2003,Maha,Maha 2003/2004,108,2004,Yala,Yala 2004,1,958.000000,1109.292100,151.292100,114.886792,,
Seasonal naive,107,2003,Maha,Maha 2003/2004,109,2004,Maha,Maha 2004/2005,2,2013.000000,1670.000000,-343.000000,114.886792,,
SARIMAX,107,2003,Maha,Maha 2003/2004,109,2004,Maha,Maha 2004/2005,2,2013.000000,1854.165191,-158.834809,114.886792,1304.038699,2559.492205
Direct RF (lags),107,2003,Maha,Maha 2003/2004,109,2004,Maha,Maha 2004/2005,2,2013.000000,1636.907173,-376.092827,114.886792,,
SARIMAX + RF residual,107,2003,Maha,Maha 2003/2004,109,2004,Maha,Maha 2004/2005,2,2013.000000,1646.897328,-366.102672,114.886792,,
Seasonal naive,107,2003,Maha,Maha 2003/2004,110,2005,Yala,Yala 2005,3,1233.000000,1172.000000,-61.000000,114.886792,,
SARIMAX,107,2003,Maha,Maha 2003/2004,110,2005,Yala,Yala 2005,3,1233.000000,1256.338400,23.338400,114.886792,823.209517,1838.469895
Direct RF (lags),107,2003,Maha,Maha 2003/2004,110,2005,Yala,Yala 2005,3,1233.000000,1331.206017,98.206017,114.886792,,
SARIMAX + RF residual,107,2003,Maha,Maha 2003/2004,110,2005,Yala,Yala 2005,3,1233.000000,1105.551714,-127.448286,114.886792,,
Seasonal naive,107,2003,Maha,Maha 2003/2004,111,2005,Maha,Maha 2005/2006,4,2135.000000,1670.000000,-465.000000,114.886792,,
SARIMAX,107,2003,Maha,Maha 2003/2004,111,2005,Maha,Maha 2005/2006,4,2135.000000,1887.527349,-247.472651,114.886792,1236.157598,2763.274449
Direct RF (lags),107,2003,Maha,Maha 2003/2004,111,2005,Maha,Maha 2005/2006,4,2135.000000,1640.005975,-494.994025,114.886792,,
SARIMAX + RF residual,107,2003,Maha,Maha 2003/2004,111,2005,Maha,Maha 2005/2006,4,2135.000000,1592.910772,-542.089228,114.886792,,
Seasonal naive,107,2003,Maha,Maha 2003/2004,112,2006,Yala,Yala 2006,5,1206.000000,1172.000000,-34.000000,114.886792,,
SARIMAX,107,2003,Maha,Maha 2003/2004,112,2006,Yala,Yala 2006,5,1206.000000,1305.305410,99.305410,114.886792,782.472780,2049.928482
Direct RF (lags),107,2003,Maha,Maha 2003/2004,112,2006,Yala,Yala 2006,5,1206.000000,1325.007649,119.007649,114.886792,,
SARIMAX + RF residual,107,2003,Maha,Maha 2003/2004,112,2006,Yala,Yala 2006,5,1206.000000,1127.087565,-78.912435,114.886792,,
Seasonal naive,107,2003,Maha,Maha 2003/2004,113,2006,Maha,Maha 2006/2007,6,1973.000000,1670.000000,-303.000000,114.886792,,
SARIMAX,107,2003,Maha,Maha 2003/2004,113,2006,Maha,Maha 2006/2007,6,1973.000000,1982.992027,9.992027,114.886792,1187.888837,3115.892233
Direct RF (lags),107,2003,Maha,Maha 2003/2004,113,2006,Maha,Maha 2006/2007,6,1973.000000,1662.702836,-310.297164,114.886792,,
SARIMAX + RF residual,107,2003,Maha,Maha 2003/2004,113,2006,Maha,Maha 2006/2007,6,1973.000000,1674.790836,-298.209164,114.886792,,
Seasonal naive,109,2004,Maha,Maha 2004/2005,110,2005,Yala,Yala 2005,1,1233.000000,958.000000,-275.000000,117.916667,,
SARIMAX,109,2004,Maha,Maha 2004/2005,110,2005,Yala,Yala 2005,1,1233.000000,1125.124497,-107.875503,117.916667,790.774041,1553.993953
Direct RF (lags),109,2004,Maha,Maha 2004/2005,110,2005,Yala,Yala 2005,1,1233.000000,1124.039916,-108.960084,117.916667,,
SARIMAX + RF residual,109,2004,Maha,Maha 2004/2005,110,2005,Yala,Yala 2005,1,1233.000000,1093.260145,-139.739855,117.916667,,
Seasonal naive,109,2004,Maha,Maha 2004/2005,111,2005,Maha,Maha 2005/2006,2,2135.000000,2013.000000,-122.000000,117.916667,,
SARIMAX,109,2004,Maha,Maha 2004/2005,111,2005,Maha,Maha 2005/2006,2,2135.000000,1983.652589,-151.347411,117.916667,1381.922028,2760.080059
Direct RF (lags),109,2004,Maha,Maha 2004/2005,111,2005,Maha,Maha 2005/2006,2,2135.000000,1632.667710,-502.332290,117.916667,,
SARIMAX + RF residual,109,2004,Maha,Maha 2004/2005,111,2005,Maha,Maha 2005/2006,2,2135.000000,1736.517936,-398.482064,117.916667,,
Seasonal naive,109,2004,Maha,Maha 2004/2005,112,2006,Yala,Yala 2006,3,1206.000000,958.000000,-248.000000,117.916667,,
SARIMAX,109,2004,Maha,Maha 2004/2005,112,2006,Yala,Yala 2006,3,1206.000000,1114.256706,-91.743294,117.916667,724.957707,1639.927890
Direct RF (lags),109,2004,Maha,Maha 2004/2005,112,2006,Yala,Yala 2006,3,1206.000000,1066.418522,-139.581478,117.916667,,
SARIMAX + RF residual,109,2004,Maha,Maha 2004/2005,112,2006,Yala,Yala 2006,3,1206.000000,986.925985,-219.074015,117.916667,,
Seasonal naive,109,2004,Maha,Maha 2004/2005,113,2006,Maha,Maha 2006/2007,4,1973.000000,2013.000000,40.000000,117.916667,,
SARIMAX,109,2004,Maha,Maha 2004/2005,113,2006,Maha,Maha 2006/2007,4,1973.000000,2111.087283,138.087283,117.916667,1368.798467,3115.672454
Direct RF (lags),109,2004,Maha,Maha 2004/2005,113,2006,Maha,Maha 2006/2007,4,1973.000000,1705.948585,-267.051415,117.916667,,
SARIMAX + RF residual,109,2004,Maha,Maha 2004/2005,113,2006,Maha,Maha 2006/2007,4,1973.000000,1880.247972,-92.752028,117.916667,,
Seasonal naive,109,2004,Maha,Maha 2004/2005,114,2007,Yala,Yala 2007,5,1158.000000,958.000000,-200.000000,117.916667,,
SARIMAX,109,2004,Maha,Maha 2004/2005,114,2007,Yala,Yala 2007,5,1158.000000,1183.061759,25.061759,117.916667,700.258929,1876.292366
Direct RF (lags),109,2004,Maha,Maha 2004/2005,114,2007,Yala,Yala 2007,5,1158.000000,1130.026308,-27.973692,117.916667,,
SARIMAX + RF residual,109,2004,Maha,Maha 2004/2005,114,2007,Yala,Yala 2007,5,1158.000000,981.969204,-176.030796,117.916667,,
Seasonal naive,109,2004,Maha,Maha 2004/2005,115,2007,Maha,Maha 2007/2008,6,2125.000000,2013.000000,-112.000000,117.916667,,
SARIMAX,109,2004,Maha,Maha 2004/2005,115,2007,Maha,Maha 2007/2008,6,2125.000000,2175.598667,50.598667,117.916667,1281.703322,3462.965689
Direct RF (lags),109,2004,Maha,Maha 2004/2005,115,2007,Maha,Maha 2007/2008,6,2125.000000,1712.495834,-412.504166,117.916667,,
SARIMAX + RF residual,109,2004,Maha,Maha 2004/2005,115,2007,Maha,Maha 2007/2008,6,2125.000000,1840.619928,-284.380072,117.916667,,
Seasonal naive,111,2005,Maha,Maha 2005/2006,112,2006,Yala,Yala 2006,1,1206.000000,1233.000000,27.000000,119.381818,,
SARIMAX,111,2005,Maha,Maha 2005/2006,112,2006,Yala,Yala 2006,1,1206.000000,1201.833605,-4.166395,119.381818,846.903056,1656.299356
Direct RF (lags),111,2005,Maha,Maha 2005/2006,112,2006,Yala,Yala 2006,1,1206.000000,1231.296306,25.296306,119.381818,,
SARIMAX + RF residual,111,2005,Maha,Maha 2005/2006,112,2006,Yala,Yala 2006,1,1206.000000,1243.608241,37.608241,119.381818,,
Seasonal naive,111,2005,Maha,Maha 2005/2006,113,2006,Maha,Maha 2006/2007,2,1973.000000,2135.000000,162.000000,119.381818,,
SARIMAX,111,2005,Maha,Maha 2005/2006,113,2006,Maha,Maha 2006/2007,2,1973.000000,2223.078840,250.078840,119.381818,1551.990078,3087.775721
Direct RF (lags),111,2005,Maha,Maha 2005/2006,113,2006,Maha,Maha 2006/2007,2,1973.000000,1707.122637,-265.877363,119.381818,,
SARIMAX + RF residual,111,2005,Maha,Maha 2005/2006,113,2006,Maha,Maha 2006/2007,2,1973.000000,2006.324359,33.324359,119.381818,,
Seasonal naive,111,2005,Maha,Maha 2005/2006,114,2007,Yala,Yala 2007,3,1158.000000,1233.000000,75.000000,119.381818,,
SARIMAX,111,2005,Maha,Maha 2005/2006,114,2007,Yala,Yala 2007,3,1158.000000,1288.733605,130.733605,119.381818,840.874402,1892.342307
Direct RF (lags),111,2005,Maha,Maha 2005/2006,114,2007,Yala,Yala 2007,3,1158.000000,1339.397503,181.397503,119.381818,,
SARIMAX + RF residual,111,2005,Maha,Maha 2005/2006,114,2007,Yala,Yala 2007,3,1158.000000,1239.976683,81.976683,119.381818,,
Seasonal naive,111,2005,Maha,Maha 2005/2006,115,2007,Maha,Maha 2007/2008,4,2125.000000,2135.000000,10.000000,119.381818,,
SARIMAX,111,2005,Maha,Maha 2005/2006,115,2007,Maha,Maha 2007/2008,4,2125.000000,2316.939064,191.939064,119.381818,1506.309723,3412.077214
Direct RF (lags),111,2005,Maha,Maha 2005/2006,115,2007,Maha,Maha 2007/2008,4,2125.000000,1800.916926,-324.083074,119.381818,,
SARIMAX + RF residual,111,2005,Maha,Maha 2005/2006,115,2007,Maha,Maha 2007/2008,4,2125.000000,2122.482709,-2.517291,119.381818,,
Seasonal naive,111,2005,Maha,Maha 2005/2006,116,2008,Yala,Yala 2008,5,1750.000000,1233.000000,-517.000000,119.381818,,
SARIMAX,111,2005,Maha,Maha 2005/2006,116,2008,Yala,Yala 2008,5,1750.000000,1326.345021,-423.654979,119.381818,787.627485,2098.248875
Direct RF (lags),111,2005,Maha,Maha 2005/2006,116,2008,Yala,Yala 2008,5,1750.000000,1247.708538,-502.291462,119.381818,,
SARIMAX + RF residual,111,2005,Maha,Maha 2005/2006,116,2008,Yala,Yala 2008,5,1750.000000,1176.580418,-573.419582,119.381818,,
Seasonal naive,111,2005,Maha,Maha 2005/2006,117,2008,Maha,Maha 2008/2009,6,2384.000000,2135.000000,-249.000000,119.381818,,
SARIMAX,111,2005,Maha,Maha 2005/2006,117,2008,Maha,Maha 2008/2009,6,2384.000000,2413.126890,29.126890,119.381818,1425.918589,3832.147157
Direct RF (lags),111,2005,Maha,Maha 2005/2006,117,2008,Maha,Maha 2008/2009,6,2384.000000,1786.391061,-597.608939,119.381818,,
SARIMAX + RF residual,111,2005,Maha,Maha 2005/2006,117,2008,Maha,Maha 2008/2009,6,2384.000000,2096.230736,-287.769264,119.381818,,
Seasonal naive,113,2006,Maha,Maha 2006/2007,114,2007,Yala,Yala 2007,1,1158.000000,1206.000000,48.000000,118.937500,,
SARIMAX,113,2006,Maha,Maha 2006/2007,114,2007,Yala,Yala 2007,1,1158.000000,1263.231609,105.231609,118.937500,892.591985,1736.943849
Direct RF (lags),113,2006,Maha,Maha 2006/2007,114,2007,Yala,Yala 2007,1,1158.000000,1438.546248,280.546248,118.937500,,
SARIMAX + RF residual,113,2006,Maha,Maha 2006/2007,114,2007,Yala,Yala 2007,1,1158.000000,1239.494902,81.494902,118.937500,,
Seasonal naive,113,2006,Maha,Maha 2006/2007,115,2007,Maha,Maha 2007/2008,2,2125.000000,1973.000000,-152.000000,118.937500,,
SARIMAX,113,2006,Maha,Maha 2006/2007,115,2007,Maha,Maha 2007/2008,2,2125.000000,2153.435041,28.435041,118.937500,1507.738659,2983.793971
Direct RF (lags),113,2006,Maha,Maha 2006/2007,115,2007,Maha,Maha 2007/2008,2,2125.000000,1827.004735,-297.995265,118.937500,,
SARIMAX + RF residual,113,2006,Maha,Maha 2006/2007,115,2007,Maha,Maha 2007/2008,2,2125.000000,1990.582071,-134.417929,118.937500,,
Seasonal naive,113,2006,Maha,Maha 2006/2007,116,2008,Yala,Yala 2008,3,1750.000000,1206.000000,-544.000000,118.937500,,
SARIMAX,113,2006,Maha,Maha 2006/2007,116,2008,Yala,Yala 2008,3,1750.000000,1310.205586,-439.794414,118.937500,857.646514,1918.853305
Direct RF (lags),113,2006,Maha,Maha 2006/2007,116,2008,Yala,Yala 2008,3,1750.000000,1489.548325,-260.451675,118.937500,,
SARIMAX + RF residual,113,2006,Maha,Maha 2006/2007,116,2008,Yala,Yala 2008,3,1750.000000,1214.946853,-535.053147,118.937500,,
Seasonal naive,113,2006,Maha,Maha 2006/2007,117,2008,Maha,Maha 2008/2009,4,2384.000000,1973.000000,-411.000000,118.937500,,
SARIMAX,113,2006,Maha,Maha 2006/2007,117,2008,Maha,Maha 2008/2009,4,2384.000000,2197.105012,-186.894988,118.937500,1433.110091,3227.007672
Direct RF (lags),113,2006,Maha,Maha 2006/2007,117,2008,Maha,Maha 2008/2009,4,2384.000000,1843.800167,-540.199833,118.937500,,
SARIMAX + RF residual,113,2006,Maha,Maha 2006/2007,117,2008,Maha,Maha 2008/2009,4,2384.000000,2038.256191,-345.743809,118.937500,,
Seasonal naive,113,2006,Maha,Maha 2006/2007,118,2009,Yala,Yala 2009,5,1268.000000,1206.000000,-62.000000,118.937500,,
SARIMAX,113,2006,Maha,Maha 2006/2007,118,2009,Yala,Yala 2009,5,1268.000000,1365.518414,97.518414,118.937500,814.229135,2153.355460
Direct RF (lags),113,2006,Maha,Maha 2006/2007,118,2009,Yala,Yala 2009,5,1268.000000,1392.978328,124.978328,118.937500,,
SARIMAX + RF residual,113,2006,Maha,Maha 2006/2007,118,2009,Yala,Yala 2009,5,1268.000000,1223.797964,-44.202036,118.937500,,
Seasonal naive,113,2006,Maha,Maha 2006/2007,119,2009,Maha,Maha 2009/2010,6,2630.000000,1973.000000,-657.000000,118.937500,,
SARIMAX,113,2006,Maha,Maha 2006/2007,119,2009,Maha,Maha 2009/2010,6,2630.000000,2305.766948,-324.233052,118.937500,1368.237860,3649.740939
Direct RF (lags),113,2006,Maha,Maha 2006/2007,119,2009,Maha,Maha 2009/2010,6,2630.000000,1833.567354,-796.432646,118.937500,,
SARIMAX + RF residual,113,2006,Maha,Maha 2006/2007,119,2009,Maha,Maha 2009/2010,6,2630.000000,2046.015269,-583.984731,118.937500,,
Seasonal naive,115,2007,Maha,Maha 2007/2008,116,2008,Yala,Yala 2008,1,1750.000000,1158.000000,-592.000000,118.605263,,
SARIMAX,115,2007,Maha,Maha 2007/2008,116,2008,Yala,Yala 2008,1,1750.000000,1246.170933,-503.829067,118.605263,884.404189,1707.179062
Direct RF (lags),115,2007,Maha,Maha 2007/2008,116,2008,Yala,Yala 2008,1,1750.000000,1261.874161,-488.125839,118.605263,,
SARIMAX + RF residual,115,2007,Maha,Maha 2007/2008,116,2008,Yala,Yala 2008,1,1750.000000,1239.831474,-510.168526,118.605263,,
Seasonal naive,115,2007,Maha,Maha 2007/2008,117,2008,Maha,Maha 2008/2009,2,2384.000000,2125.000000,-259.000000,118.605263,,
SARIMAX,115,2007,Maha,Maha 2007/2008,117,2008,Maha,Maha 2008/2009,2,2384.000000,2190.725394,-193.274606,118.605263,1553.127586,3003.804689
Direct RF (lags),115,2007,Maha,Maha 2007/2008,117,2008,Maha,Maha 2008/2009,2,2384.000000,1901.604993,-482.395007,118.605263,,
SARIMAX + RF residual,115,2007,Maha,Maha 2007/2008,117,2008,Maha,Maha 2008/2009,2,2384.000000,2017.781982,-366.218018,118.605263,,
Seasonal naive,115,2007,Maha,Maha 2007/2008,118,2009,Yala,Yala 2009,3,1268.000000,1158.000000,-110.000000,118.605263,,
SARIMAX,115,2007,Maha,Maha 2007/2008,118,2009,Yala,Yala 2009,3,1268.000000,1281.204714,13.204714,118.605263,849.304678,1857.250305
Direct RF (lags),115,2007,Maha,Maha 2007/2008,118,2009,Yala,Yala 2009,3,1268.000000,1379.726386,111.726386,118.605263,,
SARIMAX + RF residual,115,2007,Maha,Maha 2007/2008,118,2009,Yala,Yala 2009,3,1268.000000,1243.667748,-24.332252,118.605263,,
Seasonal naive,115,2007,Maha,Maha 2007/2008,119,2009,Maha,Maha 2009/2010,4,2630.000000,2125.000000,-505.000000,118.605263,,
SARIMAX,115,2007,Maha,Maha 2007/2008,119,2009,Maha,Maha 2009/2010,4,2630.000000,2288.756434,-341.243566,118.605263,1516.479868,3319.104694
Direct RF (lags),115,2007,Maha,Maha 2007/2008,119,2009,Maha,Maha 2009/2010,4,2630.000000,1926.236536,-703.763464,118.605263,,
SARIMAX + RF residual,115,2007,Maha,Maha 2007/2008,119,2009,Maha,Maha 2009/2010,4,2630.000000,2130.869279,-499.130721,118.605263,,
Seasonal naive,115,2007,Maha,Maha 2007/2008,120,2010,Yala,Yala 2010,5,1671.000000,1158.000000,-513.000000,118.605263,,
SARIMAX,115,2007,Maha,Maha 2007/2008,120,2010,Yala,Yala 2010,5,1671.000000,1339.611363,-331.388637,118.605263,814.535246,2080.610675
Direct RF (lags),115,2007,Maha,Maha 2007/2008,120,2010,Yala,Yala 2010,5,1671.000000,1371.091254,-299.908746,118.605263,,
SARIMAX + RF residual,115,2007,Maha,Maha 2007/2008,120,2010,Yala,Yala 2010,5,1671.000000,1230.253213,-440.746787,118.605263,,
Seasonal naive,115,2007,Maha,Maha 2007/2008,121,2010,Maha,Maha 2010/2011,6,1996.000000,2125.000000,129.000000,118.605263,,
SARIMAX,115,2007,Maha,Maha 2007/2008,121,2010,Maha,Maha 2010/2011,6,1996.000000,2378.797484,382.797484,118.605263,1445.449734,3696.518191
Direct RF (lags),115,2007,Maha,Maha 2007/2008,121,2010,Maha,Maha 2010/2011,6,1996.000000,1901.123284,-94.876716,118.605263,,
SARIMAX + RF residual,115,2007,Maha,Maha 2007/2008,121,2010,Maha,Maha 2010/2011,6,1996.000000,2144.512398,148.512398,118.605263,,
Seasonal naive,117,2008,Maha,Maha 2008/2009,118,2009,Yala,Yala 2009,1,1268.000000,1750.000000,482.000000,123.896552,,
SARIMAX,117,2008,Maha,Maha 2008/2009,118,2009,Yala,Yala 2009,1,1268.000000,1600.117913,332.117913,123.896552,1129.751680,2201.606273
Direct RF (lags),117,2008,Maha,Maha 2008/2009,118,2009,Yala,Yala 2009,1,1268.000000,1526.725568,258.725568,123.896552,,
SARIMAX + RF residual,117,2008,Maha,Maha 2008/2009,118,2009,Yala,Yala 2009,1,1268.000000,1642.819034,374.819034,123.896552,,
Seasonal naive,117,2008,Maha,Maha 2008/2009,119,2009,Maha,Maha 2009/2010,2,2630.000000,2384.000000,-246.000000,123.896552,,
SARIMAX,117,2008,Maha,Maha 2008/2009,119,2009,Maha,Maha 2009/2010,2,2630.000000,2431.289508,-198.710492,123.896552,1700.264382,3372.128839
Direct RF (lags),117,2008,Maha,Maha 2008/2009,119,2009,Maha,Maha 2009/2010,2,2630.000000,2001.079535,-628.920465,123.896552,,
SARIMAX + RF residual,117,2008,Maha,Maha 2008/2009,119,2009,Maha,Maha 2009/2010,2,2630.000000,2393.883816,-236.116184,123.896552,,
Seasonal naive,117,2008,Maha,Maha 2008/2009,120,2010,Yala,Yala 2010,3,1671.000000,1750.000000,79.000000,123.896552,,
SARIMAX,117,2008,Maha,Maha 2008/2009,120,2010,Yala,Yala 2010,3,1671.000000,1767.513585,96.513585,123.896552,1156.107303,2590.211670
Direct RF (lags),117,2008,Maha,Maha 2008/2009,120,2010,Yala,Yala 2010,3,1671.000000,1617.396485,-53.603515,123.896552,,
SARIMAX + RF residual,117,2008,Maha,Maha 2008/2009,120,2010,Yala,Yala 2010,3,1671.000000,1739.531934,68.531934,123.896552,,
Seasonal naive,117,2008,Maha,Maha 2008/2009,121,2010,Maha,Maha 2010/2011,4,1996.000000,2384.000000,388.000000,123.896552,,
SARIMAX,117,2008,Maha,Maha 2008/2009,121,2010,Maha,Maha 2010/2011,4,1996.000000,2562.587742,566.587742,123.896552,1670.036554,3766.486883
Direct RF (lags),117,2008,Maha,Maha 2008/2009,121,2010,Maha,Maha 2010/2011,4,1996.000000,1981.591595,-14.408405,123.896552,,
SARIMAX + RF residual,117,2008,Maha,Maha 2008/2009,121,2010,Maha,Maha 2010/2011,4,1996.000000,2445.036024,449.036024,123.896552,,
Seasonal naive,117,2008,Maha,Maha 2008/2009,122,2011,Yala,Yala 2011,5,1898.000000,1750.000000,-148.000000,123.896552,,
SARIMAX,117,2008,Maha,Maha 2008/2009,122,2011,Yala,Yala 2011,5,1898.000000,1800.781182,-97.218818,123.896552,1072.587434,2842.163549
Direct RF (lags),117,2008,Maha,Maha 2008/2009,122,2011,Yala,Yala 2011,5,1898.000000,1722.767812,-175.232188,123.896552,,
SARIMAX + RF residual,117,2008,Maha,Maha 2008/2009,122,2011,Yala,Yala 2011,5,1898.000000,1703.592646,-194.407354,123.896552,,
Seasonal naive,117,2008,Maha,Maha 2008/2009,123,2011,Maha,Maha 2011/2012,6,2718.000000,2384.000000,-334.000000,123.896552,,
SARIMAX,117,2008,Maha,Maha 2008/2009,123,2011,Maha,Maha 2011/2012,6,2718.000000,2662.875477,-55.124523,123.896552,1578.123225,4219.175036
Direct RF (lags),117,2008,Maha,Maha 2008/2009,123,2011,Maha,Maha 2011/2012,6,2718.000000,1979.041649,-738.958351,123.896552,,
SARIMAX + RF residual,117,2008,Maha,Maha 2008/2009,123,2011,Maha,Maha 2011/2012,6,2718.000000,2511.690131,-206.309869,123.896552,,
Seasonal naive,119,2009,Maha,Maha 2009/2010,120,2010,Yala,Yala 2010,1,1671.000000,1268.000000,-403.000000,127.966102,,
SARIMAX,119,2009,Maha,Maha 2009/2010,120,2010,Yala,Yala 2010,1,1671.000000,1588.222707,-82.777293,127.966102,1120.849777,2186.064078
Direct RF (lags),119,2009,Maha,Maha 2009/2010,120,2010,Yala,Yala 2010,1,1671.000000,1606.023743,-64.976257,127.966102,,
SARIMAX + RF residual,119,2009,Maha,Maha 2009/2010,120,2010,Yala,Yala 2010,1,1671.000000,1671.454378,0.454378,127.966102,,
Seasonal naive,119,2009,Maha,Maha 2009/2010,121,2010,Maha,Maha 2010/2011,2,1996.000000,2630.000000,634.000000,127.966102,,
SARIMAX,119,2009,Maha,Maha 2009/2010,121,2010,Maha,Maha 2010/2011,2,1996.000000,2694.891496,698.891496,127.966102,1885.401573,3736.421570
Direct RF (lags),119,2009,Maha,Maha 2009/2010,121,2010,Maha,Maha 2010/2011,2,1996.000000,2133.979534,137.979534,127.966102,,
SARIMAX + RF residual,119,2009,Maha,Maha 2009/2010,121,2010,Maha,Maha 2010/2011,2,1996.000000,2673.192697,677.192697,127.966102,,
Seasonal naive,119,2009,Maha,Maha 2009/2010,122,2011,Yala,Yala 2011,3,1898.000000,1268.000000,-630.000000,127.966102,,
SARIMAX,119,2009,Maha,Maha 2009/2010,122,2011,Yala,Yala 2011,3,1898.000000,1529.615748,-368.384252,127.966102,1005.217727,2233.051387
Direct RF (lags),119,2009,Maha,Maha 2009/2010,122,2011,Yala,Yala 2011,3,1898.000000,1607.369919,-290.630081,127.966102,,
SARIMAX + RF residual,119,2009,Maha,Maha 2009/2010,122,2011,Yala,Yala 2011,3,1898.000000,1585.703253,-312.296747,127.966102,,
Seasonal naive,119,2009,Maha,Maha 2009/2010,123,2011,Maha,Maha 2011/2012,4,2718.000000,2630.000000,-88.000000,127.966102,,
SARIMAX,119,2009,Maha,Maha 2009/2010,123,2011,Maha,Maha 2011/2012,4,2718.000000,2832.378109,114.378109,127.966102,1855.519372,4145.468832
Direct RF (lags),119,2009,Maha,Maha 2009/2010,123,2011,Maha,Maha 2011/2012,4,2718.000000,2124.480449,-593.519551,127.966102,,
SARIMAX + RF residual,119,2009,Maha,Maha 2009/2010,123,2011,Maha,Maha 2011/2012,4,2718.000000,2844.707029,126.707029,127.966102,,
Seasonal naive,119,2009,Maha,Maha 2009/2010,124,2012,Yala,Yala 2012,5,1129.000000,1268.000000,139.000000,127.966102,,
SARIMAX,119,2009,Maha,Maha 2009/2010,124,2012,Yala,Yala 2012,5,1129.000000,1651.370614,522.370614,127.966102,989.249319,2594.783096
Direct RF (lags),119,2009,Maha,Maha 2009/2010,124,2012,Yala,Yala 2012,5,1129.000000,1695.412694,566.412694,127.966102,,
SARIMAX + RF residual,119,2009,Maha,Maha 2009/2010,124,2012,Yala,Yala 2012,5,1129.000000,1692.235947,563.235947,127.966102,,
Seasonal naive,119,2009,Maha,Maha 2009/2010,125,2012,Maha,Maha 2012/2013,6,2846.000000,2630.000000,-216.000000,127.966102,,
SARIMAX,119,2009,Maha,Maha 2009/2010,125,2012,Maha,Maha 2012/2013,6,2846.000000,2942.710129,96.710129,127.966102,1754.828334,4640.193895
Direct RF (lags),119,2009,Maha,Maha 2009/2010,125,2012,Maha,Maha 2012/2013,6,2846.000000,2107.854795,-738.145205,127.966102,,
SARIMAX + RF residual,119,2009,Maha,Maha 2009/2010,125,2012,Maha,Maha 2012/2013,6,2846.000000,2766.924572,-79.075428,127.966102,,
Seasonal naive,121,2010,Maha,Maha 2010/2011,122,2011,Yala,Yala 2011,1,1898.000000,1671.000000,-227.000000,134.475000,,
SARIMAX,121,2010,Maha,Maha 2010/2011,122,2011,Yala,Yala 2011,1,1898.000000,1555.316616,-342.683384,134.475000,1097.173822,2141.514249
Direct RF (lags),121,2010,Maha,Maha 2010/2011,122,2011,Yala,Yala 2011,1,1898.000000,1495.634144,-402.365856,134.475000,,
SARIMAX + RF residual,121,2010,Maha,Maha 2010/2011,122,2011,Yala,Yala 2011,1,1898.000000,1508.542634,-389.457366,134.475000,,
Seasonal naive,121,2010,Maha,Maha 2010/2011,123,2011,Maha,Maha 2011/2012,2,2718.000000,1996.000000,-722.000000,134.475000,,
SARIMAX,121,2010,Maha,Maha 2010/2011,123,2011,Maha,Maha 2011/2012,2,2718.000000,2376.151287,-341.848713,134.475000,1674.547449,3274.462536
Direct RF (lags),121,2010,Maha,Maha 2010/2011,123,2011,Maha,Maha 2011/2012,2,2718.000000,2107.169851,-610.830149,134.475000,,
SARIMAX + RF residual,121,2010,Maha,Maha 2010/2011,123,2011,Maha,Maha 2011/2012,2,2718.000000,2320.471878,-397.528122,134.475000,,
Seasonal naive,121,2010,Maha,Maha 2010/2011,124,2012,Yala,Yala 2012,3,1129.000000,1671.000000,542.000000,134.475000,,
SARIMAX,121,2010,Maha,Maha 2010/2011,124,2012,Yala,Yala 2012,3,1129.000000,1697.787022,568.787022,134.475000,1126.239026,2459.736581
Direct RF (lags),121,2010,Maha,Maha 2010/2011,124,2012,Yala,Yala 2012,3,1129.000000,1659.093724,530.093724,134.475000,,
SARIMAX + RF residual,121,2010,Maha,Maha 2010/2011,124,2012,Yala,Yala 2012,3,1129.000000,1710.385784,581.385784,134.475000,,
Seasonal naive,121,2010,Maha,Maha 2010/2011,125,2012,Maha,Maha 2012/2013,4,2846.000000,1996.000000,-850.000000,134.475000,,
SARIMAX,121,2010,Maha,Maha 2010/2011,125,2012,Maha,Maha 2012/2013,4,2846.000000,2342.605380,-503.394620,134.475000,1553.343495,3395.083566
Direct RF (lags),121,2010,Maha,Maha 2010/2011,125,2012,Maha,Maha 2012/2013,4,2846.000000,2112.005471,-733.994529,134.475000,,
SARIMAX + RF residual,121,2010,Maha,Maha 2010/2011,125,2012,Maha,Maha 2012/2013,4,2846.000000,2284.198389,-561.801611,134.475000,,
Seasonal naive,121,2010,Maha,Maha 2010/2011,126,2013,Yala,Yala 2013,5,1774.000000,1671.000000,-103.000000,134.475000,,
SARIMAX,121,2010,Maha,Maha 2010/2011,126,2013,Yala,Yala 2013,5,1774.000000,1734.387094,-39.612906,134.475000,1054.598550,2693.705715
Direct RF (lags),121,2010,Maha,Maha 2010/2011,126,2013,Yala,Yala 2013,5,1774.000000,1614.281102,-159.718898,134.475000,,
SARIMAX + RF residual,121,2010,Maha,Maha 2010/2011,126,2013,Yala,Yala 2013,5,1774.000000,1712.867513,-61.132487,134.475000,,
Seasonal naive,121,2010,Maha,Maha 2010/2011,127,2013,Maha,Maha 2013/2014,6,2235.000000,1996.000000,-239.000000,134.475000,,
SARIMAX,121,2010,Maha,Maha 2010/2011,127,2013,Maha,Maha 2013/2014,6,2235.000000,2496.273674,261.273674,134.475000,1516.930521,3878.874208
Direct RF (lags),121,2010,Maha,Maha 2010/2011,127,2013,Maha,Maha 2013/2014,6,2235.000000,2090.597025,-144.402975,134.475000,,
SARIMAX + RF residual,121,2010,Maha,Maha 2010/2011,127,2013,Maha,Maha 2013/2014,6,2235.000000,2410.233961,175.233961,134.475000,,
Seasonal naive,123,2011,Maha,Maha 2011/2012,124,2012,Yala,Yala 2012,1,1129.000000,1898.000000,769.000000,140.049180,,
SARIMAX,123,2011,Maha,Maha 2011/2012,124,2012,Yala,Yala 2012,1,1129.000000,1938.722102,809.722102,140.049180,1367.353078,2669.897399
Direct RF (lags),123,2011,Maha,Maha 2011/2012,124,2012,Yala,Yala 2012,1,1129.000000,1807.189382,678.189382,140.049180,,
SARIMAX + RF residual,123,2011,Maha,Maha 2011/2012,124,2012,Yala,Yala 2012,1,1129.000000,1933.481239,804.481239,140.049180,,
Seasonal naive,123,2011,Maha,Maha 2011/2012,125,2012,Maha,Maha 2012/2013,2,2846.000000,2718.000000,-128.000000,140.049180,,
SARIMAX,123,2011,Maha,Maha 2011/2012,125,2012,Maha,Maha 2012/2013,2,2846.000000,2553.589189,-292.410811,140.049180,1799.268155,3519.515385
Direct RF (lags),123,2011,Maha,Maha 2011/2012,125,2012,Maha,Maha 2012/2013,2,2846.000000,2209.364666,-636.635334,140.049180,,
SARIMAX + RF residual,123,2011,Maha,Maha 2011/2012,125,2012,Maha,Maha 2012/2013,2,2846.000000,2426.216020,-419.783980,140.049180,,
Seasonal naive,123,2011,Maha,Maha 2011/2012,126,2013,Yala,Yala 2013,3,1774.000000,1898.000000,124.000000,140.049180,,
SARIMAX,123,2011,Maha,Maha 2011/2012,126,2013,Yala,Yala 2013,3,1774.000000,2043.000116,269.000116,140.049180,1354.628178,2960.965174
Direct RF (lags),123,2011,Maha,Maha 2011/2012,126,2013,Yala,Yala 2013,3,1774.000000,1892.925275,118.925275,140.049180,,
SARIMAX + RF residual,123,2011,Maha,Maha 2011/2012,126,2013,Yala,Yala 2013,3,1774.000000,1952.118677,178.118677,140.049180,,
Seasonal naive,123,2011,Maha,Maha 2011/2012,127,2013,Maha,Maha 2013/2014,4,2235.000000,2718.000000,483.000000,140.049180,,
SARIMAX,123,2011,Maha,Maha 2011/2012,127,2013,Maha,Maha 2013/2014,4,2235.000000,2785.308959,550.308959,140.049180,1846.081832,4038.129462
Direct RF (lags),123,2011,Maha,Maha 2011/2012,127,2013,Maha,Maha 2013/2014,4,2235.000000,2233.115997,-1.884003,140.049180,,
SARIMAX + RF residual,123,2011,Maha,Maha 2011/2012,127,2013,Maha,Maha 2013/2014,4,2235.000000,2737.410678,502.410678,140.049180,,
Seasonal naive,123,2011,Maha,Maha 2011/2012,128,2014,Yala,Yala 2014,5,1145.000000,1898.000000,753.000000,140.049180,,
SARIMAX,123,2011,Maha,Maha 2011/2012,128,2014,Yala,Yala 2014,5,1145.000000,2124.490595,979.490595,140.049180,1291.213386,3300.758717
Direct RF (lags),123,2011,Maha,Maha 2011/2012,128,2014,Yala,Yala 2014,5,1145.000000,2122.226277,977.226277,140.049180,,
SARIMAX + RF residual,123,2011,Maha,Maha 2011/2012,128,2014,Yala,Yala 2014,5,1145.000000,2018.721194,873.721194,140.049180,,
Seasonal naive,123,2011,Maha,Maha 2011/2012,129,2014,Maha,Maha 2014/2015,6,2877.000000,2718.000000,-159.000000,140.049180,,
SARIMAX,123,2011,Maha,Maha 2011/2012,129,2014,Maha,Maha 2014/2015,6,2877.000000,2855.526679,-21.473321,140.049180,1734.482325,4438.622378
Direct RF (lags),123,2011,Maha,Maha 2011/2012,129,2014,Maha,Maha 2014/2015,6,2877.000000,2247.982474,-629.017526,140.049180,,
SARIMAX + RF residual,123,2011,Maha,Maha 2011/2012,129,2014,Maha,Maha 2014/2015,6,2877.000000,2774.936088,-102.063912,140.049180,,
Seasonal naive,125,2012,Maha,Maha 2012/2013,126,2013,Yala,Yala 2013,1,1774.000000,1129.000000,-645.000000,145.024194,,
SARIMAX,125,2012,Maha,Maha 2012/2013,126,2013,Yala,Yala 2013,1,1774.000000,1504.570967,-269.429033,145.024194,1048.174203,2093.468124
Direct RF (lags),125,2012,Maha,Maha 2012/2013,126,2013,Yala,Yala 2013,1,1774.000000,1554.452021,-219.547979,145.024194,,
SARIMAX + RF residual,125,2012,Maha,Maha 2012/2013,126,2013,Yala,Yala 2013,1,1774.000000,1626.920832,-147.079168,145.024194,,
Seasonal naive,125,2012,Maha,Maha 2012/2013,127,2013,Maha,Maha 2013/2014,2,2235.000000,2846.000000,611.000000,145.024194,,
SARIMAX,125,2012,Maha,Maha 2012/2013,127,2013,Maha,Maha 2013/2014,2,2235.000000,2973.182872,738.182872,145.024194,2069.427951,4140.021061
Direct RF (lags),125,2012,Maha,Maha 2012/2013,127,2013,Maha,Maha 2013/2014,2,2235.000000,2321.248657,86.248657,145.024194,,
SARIMAX + RF residual,125,2012,Maha,Maha 2012/2013,127,2013,Maha,Maha 2013/2014,2,2235.000000,2832.112537,597.112537,145.024194,,
Seasonal naive,125,2012,Maha,Maha 2012/2013,128,2014,Yala,Yala 2014,3,1145.000000,1129.000000,-16.000000,145.024194,,
SARIMAX,125,2012,Maha,Maha 2012/2013,128,2014,Yala,Yala 2014,3,1145.000000,1415.540608,270.540608,145.024194,926.072380,2074.073698
Direct RF (lags),125,2012,Maha,Maha 2012/2013,128,2014,Yala,Yala 2014,3,1145.000000,1615.263571,470.263571,145.024194,,
SARIMAX + RF residual,125,2012,Maha,Maha 2012/2013,128,2014,Yala,Yala 2014,3,1145.000000,1551.155706,406.155706,145.024194,,
Seasonal naive,125,2012,Maha,Maha 2012/2013,129,2014,Maha,Maha 2014/2015,4,2877.000000,2846.000000,-31.000000,145.024194,,
SARIMAX,125,2012,Maha,Maha 2012/2013,129,2014,Maha,Maha 2014/2015,4,2877.000000,3096.458521,219.458521,145.024194,2025.005583,4538.350582
Direct RF (lags),125,2012,Maha,Maha 2012/2013,129,2014,Maha,Maha 2014/2015,4,2877.000000,2335.204855,-541.795145,145.024194,,
SARIMAX + RF residual,125,2012,Maha,Maha 2012/2013,129,2014,Maha,Maha 2014/2015,4,2877.000000,2998.470539,121.470539,145.024194,,
Seasonal naive,125,2012,Maha,Maha 2012/2013,130,2015,Yala,Yala 2015,5,1942.000000,1129.000000,-813.000000,145.024194,,
SARIMAX,125,2012,Maha,Maha 2012/2013,130,2015,Yala,Yala 2015,5,1942.000000,1539.479866,-402.520134,145.024194,920.347609,2422.794132
Direct RF (lags),125,2012,Maha,Maha 2012/2013,130,2015,Yala,Yala 2015,5,1942.000000,1300.097654,-641.902346,145.024194,,
SARIMAX + RF residual,125,2012,Maha,Maha 2012/2013,130,2015,Yala,Yala 2015,5,1942.000000,1561.311810,-380.688190,145.024194,,
Seasonal naive,125,2012,Maha,Maha 2012/2013,131,2015,Maha,Maha 2015/2016,6,2903.000000,2846.000000,-57.000000,145.024194,,
SARIMAX,125,2012,Maha,Maha 2012/2013,131,2015,Maha,Maha 2015/2016,6,2903.000000,3227.699230,324.699230,145.024194,1928.531404,5081.888140
Direct RF (lags),125,2012,Maha,Maha 2012/2013,131,2015,Maha,Maha 2015/2016,6,2903.000000,2353.331171,-549.668829,145.024194,,
SARIMAX + RF residual,125,2012,Maha,Maha 2012/2013,131,2015,Maha,Maha 2015/2016,6,2903.000000,3041.805030,138.805030,145.024194,,
Seasonal naive,127,2013,Maha,Maha 2013/2014,128,2014,Yala,Yala 2014,1,1145.000000,1774.000000,629.000000,152.690476,,
SARIMAX,127,2013,Maha,Maha 2013/2014,128,2014,Yala,Yala 2014,1,1145.000000,1521.090704,376.090704,152.690476,1057.261713,2120.496760
Direct RF (lags),127,2013,Maha,Maha 2013/2014,128,2014,Yala,Yala 2014,1,1145.000000,1296.140400,151.140400,152.690476,,
SARIMAX + RF residual,127,2013,Maha,Maha 2013/2014,128,2014,Yala,Yala 2014,1,1145.000000,1564.304051,419.304051,152.690476,,
Seasonal naive,127,2013,Maha,Maha 2013/2014,129,2014,Maha,Maha 2014/2015,2,2877.000000,2235.000000,-642.000000,152.690476,,
SARIMAX,127,2013,Maha,Maha 2013/2014,129,2014,Maha,Maha 2014/2015,2,2877.000000,2645.449902,-231.550098,152.690476,1837.151665,3690.629527
Direct RF (lags),127,2013,Maha,Maha 2013/2014,129,2014,Maha,Maha 2014/2015,2,2877.000000,2343.305888,-533.694112,152.690476,,
SARIMAX + RF residual,127,2013,Maha,Maha 2013/2014,129,2014,Maha,Maha 2014/2015,2,2877.000000,2636.335676,-240.664324,152.690476,,
Seasonal naive,127,2013,Maha,Maha 2013/2014,130,2015,Yala,Yala 2015,3,1942.000000,1774.000000,-168.000000,152.690476,,
SARIMAX,127,2013,Maha,Maha 2013/2014,130,2015,Yala,Yala 2015,3,1942.000000,1726.983018,-215.016982,152.690476,1132.355612,2525.817706
Direct RF (lags),127,2013,Maha,Maha 2013/2014,130,2015,Yala,Yala 2015,3,1942.000000,1391.442084,-550.557916,152.690476,,
SARIMAX + RF residual,127,2013,Maha,Maha 2013/2014,130,2015,Yala,Yala 2015,3,1942.000000,1544.355827,-397.644173,152.690476,,
Seasonal naive,127,2013,Maha,Maha 2013/2014,131,2015,Maha,Maha 2015/2016,4,2903.000000,2235.000000,-668.000000,152.690476,,
SARIMAX,127,2013,Maha,Maha 2013/2014,131,2015,Maha,Maha 2015/2016,4,2903.000000,2604.108032,-298.891968,152.690476,1706.893343,3809.714547
Direct RF (lags),127,2013,Maha,Maha 2013/2014,131,2015,Maha,Maha 2015/2016,4,2903.000000,2318.451063,-584.548937,152.690476,,
SARIMAX + RF residual,127,2013,Maha,Maha 2013/2014,131,2015,Maha,Maha 2015/2016,4,2903.000000,2656.738344,-246.261656,152.690476,,
Seasonal naive,127,2013,Maha,Maha 2013/2014,132,2016,Yala,Yala 2016,5,1517.000000,1774.000000,257.000000,152.690476,,
SARIMAX,127,2013,Maha,Maha 2013/2014,132,2016,Yala,Yala 2016,5,1517.000000,1730.745199,213.745199,152.690476,1036.568392,2719.972572
Direct RF (lags),127,2013,Maha,Maha 2013/2014,132,2016,Yala,Yala 2016,5,1517.000000,1703.075696,186.075696,152.690476,,
SARIMAX + RF residual,127,2013,Maha,Maha 2013/2014,132,2016,Yala,Yala 2016,5,1517.000000,1713.955337,196.955337,152.690476,,
Seasonal naive,127,2013,Maha,Maha 2013/2014,133,2016,Maha,Maha 2016/2017,6,1474.000000,2235.000000,761.000000,152.690476,,
SARIMAX,127,2013,Maha,Maha 2013/2014,133,2016,Maha,Maha 2016/2017,6,1474.000000,2780.017292,1306.017292,152.690476,1664.085475,4370.818237
Direct RF (lags),127,2013,Maha,Maha 2013/2014,133,2016,Maha,Maha 2016/2017,6,1474.000000,2365.871682,891.871682,152.690476,,
SARIMAX + RF residual,127,2013,Maha,Maha 2013/2014,133,2016,Maha,Maha 2016/2017,6,1474.000000,2675.523438,1201.523438,152.690476,,
Seasonal naive,129,2014,Maha,Maha 2014/2015,130,2015,Yala,Yala 2015,1,1942.000000,1145.000000,-797.000000,160.234375,,
SARIMAX,129,2014,Maha,Maha 2014/2015,130,2015,Yala,Yala 2015,1,1942.000000,1507.241912,-434.758088,160.234375,1046.677319,2102.794781
Direct RF (lags),129,2014,Maha,Maha 2014/2015,130,2015,Yala,Yala 2015,1,1942.000000,1570.624102,-371.375898,160.234375,,
SARIMAX + RF residual,129,2014,Maha,Maha 2014/2015,130,2015,Yala,Yala 2015,1,1942.000000,1424.679320,-517.320680,160.234375,,
Seasonal naive,129,2014,Maha,Maha 2014/2015,131,2015,Maha,Maha 2015/2016,2,2903.000000,2877.000000,-26.000000,160.234375,,
SARIMAX,129,2014,Maha,Maha 2014/2015,131,2015,Maha,Maha 2015/2016,2,2903.000000,2718.407121,-184.592879,160.234375,1886.049365,3795.373355
Direct RF (lags),129,2014,Maha,Maha 2014/2015,131,2015,Maha,Maha 2015/2016,2,2903.000000,2361.996445,-541.003555,160.234375,,
SARIMAX + RF residual,129,2014,Maha,Maha 2014/2015,131,2015,Maha,Maha 2015/2016,2,2903.000000,2445.409557,-457.590443,160.234375,,
Seasonal naive,129,2014,Maha,Maha 2014/2015,132,2016,Yala,Yala 2016,3,1517.000000,1145.000000,-372.000000,160.234375,,
SARIMAX,129,2014,Maha,Maha 2014/2015,132,2016,Yala,Yala 2016,3,1517.000000,1403.452171,-113.547829,160.234375,924.381009,2045.133153
Direct RF (lags),129,2014,Maha,Maha 2014/2015,132,2016,Yala,Yala 2016,3,1517.000000,1553.275692,36.275692,160.234375,,
SARIMAX + RF residual,129,2014,Maha,Maha 2014/2015,132,2016,Yala,Yala 2016,3,1517.000000,1458.001191,-58.998809,160.234375,,
Seasonal naive,129,2014,Maha,Maha 2014/2015,133,2016,Maha,Maha 2016/2017,4,1474.000000,2877.000000,1403.000000,160.234375,,
SARIMAX,129,2014,Maha,Maha 2014/2015,133,2016,Maha,Maha 2016/2017,4,1474.000000,2960.695721,1486.695721,160.234375,1949.436121,4315.489052
Direct RF (lags),129,2014,Maha,Maha 2014/2015,133,2016,Maha,Maha 2016/2017,4,1474.000000,2453.340711,979.340711,160.234375,,
SARIMAX + RF residual,129,2014,Maha,Maha 2014/2015,133,2016,Maha,Maha 2016/2017,4,1474.000000,2718.082562,1244.082562,160.234375,,
Seasonal naive,129,2014,Maha,Maha 2014/2015,134,2017,Yala,Yala 2017,5,909.000000,1145.000000,236.000000,160.234375,,
SARIMAX,129,2014,Maha,Maha 2014/2015,134,2017,Yala,Yala 2017,5,909.000000,1538.177596,629.177596,160.234375,925.017450,2409.654391
Direct RF (lags),129,2014,Maha,Maha 2014/2015,134,2017,Yala,Yala 2017,5,909.000000,1472.915495,563.915495,160.234375,,
SARIMAX + RF residual,129,2014,Maha,Maha 2014/2015,134,2017,Yala,Yala 2017,5,909.000000,1389.239701,480.239701,160.234375,,
Seasonal naive,129,2014,Maha,Maha 2014/2015,135,2017,Maha,Maha 2017/2018,6,2397.000000,2877.000000,480.000000,160.234375,,
SARIMAX,129,2014,Maha,Maha 2014/2015,135,2017,Maha,Maha 2017/2018,6,2397.000000,3013.209577,616.209577,160.234375,1811.059266,4722.418770
Direct RF (lags),129,2014,Maha,Maha 2014/2015,135,2017,Maha,Maha 2017/2018,6,2397.000000,2481.588556,84.588556,160.234375,,
SARIMAX + RF residual,129,2014,Maha,Maha 2014/2015,135,2017,Maha,Maha 2017/2018,6,2397.000000,2875.712879,478.712879,160.234375,,
Seasonal naive,131,2015,Maha,Maha 2015/2016,132,2016,Yala,Yala 2016,1,1517.000000,1942.000000,425.000000,164.100000,,
SARIMAX,131,2015,Maha,Maha 2015/2016,132,2016,Yala,Yala 2016,1,1517.000000,1606.530466,89.530466,164.100000,1115.022225,2242.327212
Direct RF (lags),131,2015,Maha,Maha 2015/2016,132,2016,Yala,Yala 2016,1,1517.000000,1737.255896,220.255896,164.100000,,
SARIMAX + RF residual,131,2015,Maha,Maha 2015/2016,132,2016,Yala,Yala 2016,1,1517.000000,1587.885170,70.885170,164.100000,,
Seasonal naive,131,2015,Maha,Maha 2015/2016,133,2016,Maha,Maha 2016/2017,2,1474.000000,2903.000000,1429.000000,164.100000,,
SARIMAX,131,2015,Maha,Maha 2015/2016,133,2016,Maha,Maha 2016/2017,2,1474.000000,3087.597513,1613.597513,164.100000,2141.004812,4312.826083
Direct RF (lags),131,2015,Maha,Maha 2015/2016,133,2016,Maha,Maha 2016/2017,2,1474.000000,2483.474892,1009.474892,164.100000,,
SARIMAX + RF residual,131,2015,Maha,Maha 2015/2016,133,2016,Maha,Maha 2016/2017,2,1474.000000,2895.367379,1421.367379,164.100000,,
Seasonal naive,131,2015,Maha,Maha 2015/2016,134,2017,Yala,Yala 2017,3,909.000000,1942.000000,1033.000000,164.100000,,
SARIMAX,131,2015,Maha,Maha 2015/2016,134,2017,Yala,Yala 2017,3,909.000000,1876.861752,967.861752,164.100000,1239.950737,2728.247719
Direct RF (lags),131,2015,Maha,Maha 2015/2016,134,2017,Yala,Yala 2017,3,909.000000,1828.433093,919.433093,164.100000,,
SARIMAX + RF residual,131,2015,Maha,Maha 2015/2016,134,2017,Yala,Yala 2017,3,909.000000,1852.018663,943.018663,164.100000,,
Seasonal naive,131,2015,Maha,Maha 2015/2016,135,2017,Maha,Maha 2017/2018,4,2397.000000,2903.000000,506.000000,164.100000,,
SARIMAX,131,2015,Maha,Maha 2015/2016,135,2017,Maha,Maha 2017/2018,4,2397.000000,3186.658521,789.658521,164.100000,2104.631519,4633.339671
Direct RF (lags),131,2015,Maha,Maha 2015/2016,135,2017,Maha,Maha 2017/2018,4,2397.000000,2544.075042,147.075042,164.100000,,
SARIMAX + RF residual,131,2015,Maha,Maha 2015/2016,135,2017,Maha,Maha 2017/2018,4,2397.000000,3040.873106,643.873106,164.100000,,
Seasonal naive,131,2015,Maha,Maha 2015/2016,136,2018,Yala,Yala 2018,5,1533.000000,1942.000000,409.000000,164.100000,,
SARIMAX,131,2015,Maha,Maha 2015/2016,136,2018,Yala,Yala 2018,5,1533.000000,1848.117281,315.117281,164.100000,1114.275514,2889.387483
Direct RF (lags),131,2015,Maha,Maha 2015/2016,136,2018,Yala,Yala 2018,5,1533.000000,1872.975351,339.975351,164.100000,,
SARIMAX + RF residual,131,2015,Maha,Maha 2015/2016,136,2018,Yala,Yala 2018,5,1533.000000,1798.429938,265.429938,164.100000,,
Seasonal naive,131,2015,Maha,Maha 2015/2016,137,2018,Maha,Maha 2018/2019,6,3073.000000,2903.000000,-170.000000,164.100000,,
SARIMAX,131,2015,Maha,Maha 2015/2016,137,2018,Maha,Maha 2018/2019,6,3073.000000,3335.651483,262.651483,164.100000,2010.023829,5217.301150
Direct RF (lags),131,2015,Maha,Maha 2015/2016,137,2018,Maha,Maha 2018/2019,6,3073.000000,2585.831220,-487.168780,164.100000,,
SARIMAX + RF residual,131,2015,Maha,Maha 2015/2016,137,2018,Maha,Maha 2018/2019,6,3073.000000,3161.714199,88.714199,164.100000,,
Seasonal naive,133,2016,Maha,Maha 2016/2017,134,2017,Yala,Yala 2017,1,909.000000,1517.000000,608.000000,175.659091,,
SARIMAX,133,2016,Maha,Maha 2016/2017,134,2017,Yala,Yala 2017,1,909.000000,1738.102981,829.102981,175.659091,1181.447844,2468.275970
Direct RF (lags),133,2016,Maha,Maha 2016/2017,134,2017,Yala,Yala 2017,1,909.000000,1872.986706,963.986706,175.659091,,
SARIMAX + RF residual,133,2016,Maha,Maha 2016/2017,134,2017,Yala,Yala 2017,1,909.000000,1837.398336,928.398336,175.659091,,
Seasonal naive,133,2016,Maha,Maha 2016/2017,135,2017,Maha,Maha 2017/2018,2,2397.000000,1474.000000,-923.000000,175.659091,,
SARIMAX,133,2016,Maha,Maha 2016/2017,135,2017,Maha,Maha 2017/2018,2,2397.000000,2176.648318,-220.351682,175.659091,1478.031930,3093.657761
Direct RF (lags),133,2016,Maha,Maha 2016/2017,135,2017,Maha,Maha 2017/2018,2,2397.000000,1945.612960,-451.387040,175.659091,,
SARIMAX + RF residual,133,2016,Maha,Maha 2016/2017,135,2017,Maha,Maha 2017/2018,2,2397.000000,2290.247054,-106.752946,175.659091,,
Seasonal naive,133,2016,Maha,Maha 2016/2017,136,2018,Yala,Yala 2018,3,1533.000000,1517.000000,-16.000000,175.659091,,
SARIMAX,133,2016,Maha,Maha 2016/2017,136,2018,Yala,Yala 2018,3,1533.000000,1721.139895,188.139895,175.659091,1109.449842,2552.167275
Direct RF (lags),133,2016,Maha,Maha 2016/2017,136,2018,Yala,Yala 2018,3,1533.000000,2059.063347,526.063347,175.659091,,
SARIMAX + RF residual,133,2016,Maha,Maha 2016/2017,136,2018,Yala,Yala 2018,3,1533.000000,1759.146617,226.146617,175.659091,,
Seasonal naive,133,2016,Maha,Maha 2016/2017,137,2018,Maha,Maha 2018/2019,4,3073.000000,1474.000000,-1599.000000,175.659091,,
SARIMAX,133,2016,Maha,Maha 2016/2017,137,2018,Maha,Maha 2018/2019,4,3073.000000,1904.073693,-1168.926307,175.659091,1226.953409,2824.197689
Direct RF (lags),133,2016,Maha,Maha 2016/2017,137,2018,Maha,Maha 2018/2019,4,3073.000000,2233.192618,-839.807382,175.659091,,
SARIMAX + RF residual,133,2016,Maha,Maha 2016/2017,137,2018,Maha,Maha 2018/2019,4,3073.000000,2006.542187,-1066.457813,175.659091,,
Seasonal naive,133,2016,Maha,Maha 2016/2017,138,2019,Yala,Yala 2019,5,1519.000000,1517.000000,-2.000000,175.659091,,
SARIMAX,133,2016,Maha,Maha 2016/2017,138,2019,Yala,Yala 2019,5,1519.000000,1829.297709,310.297709,175.659091,1070.300783,2927.203898
Direct RF (lags),133,2016,Maha,Maha 2016/2017,138,2019,Yala,Yala 2019,5,1519.000000,1748.694635,229.694635,175.659091,,
SARIMAX + RF residual,133,2016,Maha,Maha 2016/2017,138,2019,Yala,Yala 2019,5,1519.000000,1714.214765,195.214765,175.659091,,
Seasonal naive,133,2016,Maha,Maha 2016/2017,139,2019,Maha,Maha 2019/2020,6,3197.000000,1474.000000,-1723.000000,175.659091,,
SARIMAX,133,2016,Maha,Maha 2016/2017,139,2019,Maha,Maha 2019/2020,6,3197.000000,2150.308659,-1046.691341,175.659091,1257.343853,3442.511843
Direct RF (lags),133,2016,Maha,Maha 2016/2017,139,2019,Maha,Maha 2019/2020,6,3197.000000,2013.244995,-1183.755005,175.659091,,
SARIMAX + RF residual,133,2016,Maha,Maha 2016/2017,139,2019,Maha,Maha 2019/2020,6,3197.000000,1862.192516,-1334.807484,175.659091,,
Seasonal naive,135,2017,Maha,Maha 2017/2018,136,2018,Yala,Yala 2018,1,1533.000000,909.000000,-624.000000,184.462687,,
SARIMAX,135,2017,Maha,Maha 2017/2018,136,2018,Yala,Yala 2018,1,1533.000000,1281.379649,-251.620351,184.462687,858.901344,1840.729258
Direct RF (lags),135,2017,Maha,Maha 2017/2018,136,2018,Yala,Yala 2018,1,1533.000000,1430.632892,-102.367108,184.462687,,
SARIMAX + RF residual,135,2017,Maha,Maha 2017/2018,136,2018,Yala,Yala 2018,1,1533.000000,1374.752140,-158.247860,184.462687,,
Seasonal naive,135,2017,Maha,Maha 2017/2018,137,2018,Maha,Maha 2018/2019,2,3073.000000,2397.000000,-676.000000,184.462687,,
SARIMAX,135,2017,Maha,Maha 2017/2018,137,2018,Maha,Maha 2018/2019,2,3073.000000,1987.254682,-1085.745318,184.462687,1317.730554,2880.056533
Direct RF (lags),135,2017,Maha,Maha 2017/2018,137,2018,Maha,Maha 2018/2019,2,3073.000000,1908.747925,-1164.252075,184.462687,,
SARIMAX + RF residual,135,2017,Maha,Maha 2017/2018,137,2018,Maha,Maha 2018/2019,2,3073.000000,1920.135737,-1152.864263,184.462687,,
Seasonal naive,135,2017,Maha,Maha 2017/2018,138,2019,Yala,Yala 2019,3,1519.000000,909.000000,-610.000000,184.462687,,
SARIMAX,135,2017,Maha,Maha 2017/2018,138,2019,Yala,Yala 2019,3,1519.000000,1135.239421,-383.760579,184.462687,711.183913,1722.204601
Direct RF (lags),135,2017,Maha,Maha 2017/2018,138,2019,Yala,Yala 2019,3,1519.000000,1249.353473,-269.646527,184.462687,,
SARIMAX + RF residual,135,2017,Maha,Maha 2017/2018,138,2019,Yala,Yala 2019,3,1519.000000,1170.036757,-348.963243,184.462687,,
Seasonal naive,135,2017,Maha,Maha 2017/2018,139,2019,Maha,Maha 2019/2020,4,3197.000000,2397.000000,-800.000000,184.462687,,
SARIMAX,135,2017,Maha,Maha 2017/2018,139,2019,Maha,Maha 2019/2020,4,3197.000000,2312.773759,-884.226241,184.462687,1444.370246,3517.225294
Direct RF (lags),135,2017,Maha,Maha 2017/2018,139,2019,Maha,Maha 2019/2020,4,3197.000000,1859.621210,-1337.378790,184.462687,,
SARIMAX + RF residual,135,2017,Maha,Maha 2017/2018,139,2019,Maha,Maha 2019/2020,4,3197.000000,1925.854502,-1271.145498,184.462687,,
Seasonal naive,135,2017,Maha,Maha 2017/2018,140,2020,Yala,Yala 2020,5,1924.000000,909.000000,-1015.000000,184.462687,,
SARIMAX,135,2017,Maha,Maha 2017/2018,140,2020,Yala,Yala 2020,5,1924.000000,1275.694438,-648.305562,184.462687,717.877152,2102.798567
Direct RF (lags),135,2017,Maha,Maha 2017/2018,140,2020,Yala,Yala 2020,5,1924.000000,1118.521922,-805.478078,184.462687,,
SARIMAX + RF residual,135,2017,Maha,Maha 2017/2018,140,2020,Yala,Yala 2020,5,1924.000000,1163.741168,-760.258832,184.462687,,
Seasonal naive,135,2017,Maha,Maha 2017/2018,141,2020,Maha,Maha 2020/2021,6,3061.000000,2397.000000,-664.000000,184.462687,,
SARIMAX,135,2017,Maha,Maha 2017/2018,141,2020,Maha,Maha 2020/2021,6,3061.000000,2257.787833,-803.212167,184.462687,1263.474799,3737.298818
Direct RF (lags),135,2017,Maha,Maha 2017/2018,141,2020,Maha,Maha 2020/2021,6,3061.000000,2171.594095,-889.405905,184.462687,,
SARIMAX + RF residual,135,2017,Maha,Maha 2017/2018,141,2020,Maha,Maha 2020/2021,6,3061.000000,2044.817030,-1016.182970,184.462687,,
Seasonal naive,137,2018,Maha,Maha 2018/2019,138,2019,Yala,Yala 2019,1,1519.000000,1533.000000,14.000000,191.308824,,
SARIMAX,137,2018,Maha,Maha 2018/2019,138,2019,Yala,Yala 2019,1,1519.000000,1402.959253,-116.040747,191.308824,935.472331,2024.057615
Direct RF (lags),137,2018,Maha,Maha 2018/2019,138,2019,Yala,Yala 2019,1,1519.000000,1165.744365,-353.255635,191.308824,,
SARIMAX + RF residual,137,2018,Maha,Maha 2018/2019,138,2019,Yala,Yala 2019,1,1519.000000,1445.796294,-73.203706,191.308824,,
Seasonal naive,137,2018,Maha,Maha 2018/2019,139,2019,Maha,Maha 2019/2020,2,3197.000000,3073.000000,-124.000000,191.308824,,
SARIMAX,137,2018,Maha,Maha 2018/2019,139,2019,Maha,Maha 2019/2020,2,3197.000000,2973.728069,-223.271931,191.308824,1957.915990,4334.666818
Direct RF (lags),137,2018,Maha,Maha 2018/2019,139,2019,Maha,Maha 2019/2020,2,3197.000000,2411.579612,-785.420388,191.308824,,
SARIMAX + RF residual,137,2018,Maha,Maha 2018/2019,139,2019,Maha,Maha 2019/2020,2,3197.000000,3075.935653,-121.064347,191.308824,,
Seasonal naive,137,2018,Maha,Maha 2018/2019,140,2020,Yala,Yala 2020,3,1924.000000,1533.000000,-391.000000,191.308824,,
SARIMAX,137,2018,Maha,Maha 2018/2019,140,2020,Yala,Yala 2020,3,1924.000000,1567.369148,-356.630852,191.308824,968.340656,2404.052240
Direct RF (lags),137,2018,Maha,Maha 2018/2019,140,2020,Yala,Yala 2020,3,1924.000000,1332.096985,-591.903015,191.308824,,
SARIMAX + RF residual,137,2018,Maha,Maha 2018/2019,140,2020,Yala,Yala 2020,3,1924.000000,1616.728228,-307.271772,191.308824,,
Seasonal naive,137,2018,Maha,Maha 2018/2019,141,2020,Maha,Maha 2020/2021,4,3061.000000,3073.000000,12.000000,191.308824,,
SARIMAX,137,2018,Maha,Maha 2018/2019,141,2020,Maha,Maha 2020/2021,4,3061.000000,3216.629474,155.629474,191.308824,1979.441384,4949.081335
Direct RF (lags),137,2018,Maha,Maha 2018/2019,141,2020,Maha,Maha 2020/2021,4,3061.000000,2496.444238,-564.555762,191.308824,,
SARIMAX + RF residual,137,2018,Maha,Maha 2018/2019,141,2020,Maha,Maha 2020/2021,4,3061.000000,2762.691071,-298.308929,191.308824,,
Seasonal naive,137,2018,Maha,Maha 2018/2019,142,2021,Yala,Yala 2021,5,2088.000000,1533.000000,-555.000000,191.308824,,
SARIMAX,137,2018,Maha,Maha 2018/2019,142,2021,Yala,Yala 2021,5,2088.000000,1576.867359,-511.132641,191.308824,872.937901,2631.447313
Direct RF (lags),137,2018,Maha,Maha 2018/2019,142,2021,Yala,Yala 2021,5,2088.000000,1429.827715,-658.172285,191.308824,,
SARIMAX + RF residual,137,2018,Maha,Maha 2018/2019,142,2021,Yala,Yala 2021,5,2088.000000,1422.054358,-665.945642,191.308824,,
Seasonal naive,137,2018,Maha,Maha 2018/2019,143,2021,Maha,Maha 2021/2022,6,1931.000000,3073.000000,1142.000000,191.308824,,
SARIMAX,137,2018,Maha,Maha 2018/2019,143,2021,Maha,Maha 2021/2022,6,1931.000000,3287.357827,1356.357827,191.308824,1808.055727,5512.613219
Direct RF (lags),137,2018,Maha,Maha 2018/2019,143,2021,Maha,Maha 2021/2022,6,1931.000000,2593.701380,662.701380,191.308824,,
SARIMAX + RF residual,137,2018,Maha,Maha 2018/2019,143,2021,Maha,Maha 2021/2022,6,1931.000000,2978.244297,1047.244297,191.308824,,
Seasonal naive,139,2019,Maha,Maha 2019/2020,140,2020,Yala,Yala 2020,1,1924.000000,1519.000000,-405.000000,189.536232,,
SARIMAX,139,2019,Maha,Maha 2019/2020,140,2020,Yala,Yala 2020,1,1924.000000,1674.938128,-249.061872,189.536232,1119.782165,2411.220108
Direct RF (lags),139,2019,Maha,Maha 2019/2020,140,2020,Yala,Yala 2020,1,1924.000000,1577.311155,-346.688845,189.536232,,
SARIMAX + RF residual,139,2019,Maha,Maha 2019/2020,140,2020,Yala,Yala 2020,1,1924.000000,1569.855452,-354.144548,189.536232,,
Seasonal naive,139,2019,Maha,Maha 2019/2020,141,2020,Maha,Maha 2020/2021,2,3061.000000,3197.000000,136.000000,189.536232,,
SARIMAX,139,2019,Maha,Maha 2019/2020,141,2020,Maha,Maha 2020/2021,2,3061.000000,3373.051132,312.051132,189.536232,2224.690467,4909.809242
Direct RF (lags),139,2019,Maha,Maha 2019/2020,141,2020,Maha,Maha 2020/2021,2,3061.000000,2418.251257,-642.748743,189.536232,,
SARIMAX + RF residual,139,2019,Maha,Maha 2019/2020,141,2020,Maha,Maha 2020/2021,2,3061.000000,2786.208109,-274.791891,189.536232,,
Seasonal naive,139,2019,Maha,Maha 2019/2020,142,2021,Yala,Yala 2021,3,2088.000000,1519.000000,-569.000000,189.536232,,
SARIMAX,139,2019,Maha,Maha 2019/2020,142,2021,Yala,Yala 2021,3,2088.000000,1702.854103,-385.145897,189.536232,1052.347550,2611.268868
Direct RF (lags),139,2019,Maha,Maha 2019/2020,142,2021,Yala,Yala 2021,3,2088.000000,1591.616015,-496.383985,189.536232,,
SARIMAX + RF residual,139,2019,Maha,Maha 2019/2020,142,2021,Yala,Yala 2021,3,2088.000000,1412.146782,-675.853218,189.536232,,
Seasonal naive,139,2019,Maha,Maha 2019/2020,143,2021,Maha,Maha 2021/2022,4,1931.000000,3197.000000,1266.000000,189.536232,,
SARIMAX,139,2019,Maha,Maha 2019/2020,143,2021,Maha,Maha 2021/2022,4,1931.000000,3498.731602,1567.731602,189.536232,2152.840277,5383.515796
Direct RF (lags),139,2019,Maha,Maha 2019/2020,143,2021,Maha,Maha 2021/2022,4,1931.000000,2661.714292,730.714292,189.536232,,
SARIMAX + RF residual,139,2019,Maha,Maha 2019/2020,143,2021,Maha,Maha 2021/2022,4,1931.000000,3073.803322,1142.803322,189.536232,,
Seasonal naive,139,2019,Maha,Maha 2019/2020,144,2022,Yala,Yala 2022,5,1462.000000,1519.000000,57.000000,189.536232,,
SARIMAX,139,2019,Maha,Maha 2019/2020,144,2022,Yala,Yala 2022,5,1462.000000,1797.233864,335.233864,189.536232,995.251301,2998.467070
Direct RF (lags),139,2019,Maha,Maha 2019/2020,144,2022,Yala,Yala 2022,5,1462.000000,1565.081658,103.081658,189.536232,,
SARIMAX + RF residual,139,2019,Maha,Maha 2019/2020,144,2022,Yala,Yala 2022,5,1462.000000,1541.138651,79.138651,189.536232,,
Seasonal naive,139,2019,Maha,Maha 2019/2020,145,2022,Maha,Maha 2022/2023,6,2696.000000,3197.000000,501.000000,189.536232,,
SARIMAX,139,2019,Maha,Maha 2019/2020,145,2022,Maha,Maha 2022/2023,6,2696.000000,3656.459333,960.459333,189.536232,2010.787246,6132.191077
Direct RF (lags),139,2019,Maha,Maha 2019/2020,145,2022,Maha,Maha 2022/2023,6,2696.000000,2714.487412,18.487412,189.536232,,
SARIMAX + RF residual,139,2019,Maha,Maha 2019/2020,145,2022,Maha,Maha 2022/2023,6,2696.000000,3258.211628,562.211628,189.536232,,
Seasonal naive,141,2020,Maha,Maha 2020/2021,142,2021,Yala,Yala 2021,1,2088.000000,1924.000000,-164.000000,190.692857,,
SARIMAX,141,2020,Maha,Maha 2020/2021,142,2021,Yala,Yala 2021,1,2088.000000,1796.560878,-291.439122,190.692857,1202.974891,2582.993957
Direct RF (lags),141,2020,Maha,Maha 2020/2021,142,2021,Yala,Yala 2021,1,2088.000000,1677.436515,-410.563485,190.692857,,
SARIMAX + RF residual,141,2020,Maha,Maha 2020/2021,142,2021,Yala,Yala 2021,1,2088.000000,1737.069890,-350.930110,190.692857,,
Seasonal naive,141,2020,Maha,Maha 2020/2021,143,2021,Maha,Maha 2021/2022,2,1931.000000,3061.000000,1130.000000,190.692857,,
SARIMAX,141,2020,Maha,Maha 2020/2021,143,2021,Maha,Maha 2021/2022,2,1931.000000,3326.576922,1395.576922,190.692857,2197.627578,4835.727278
Direct RF (lags),141,2020,Maha,Maha 2020/2021,143,2021,Maha,Maha 2021/2022,2,1931.000000,2485.815746,554.815746,190.692857,,
SARIMAX + RF residual,141,2020,Maha,Maha 2020/2021,143,2021,Maha,Maha 2021/2022,2,1931.000000,2747.756584,816.756584,190.692857,,
Seasonal naive,141,2020,Maha,Maha 2020/2021,144,2022,Yala,Yala 2022,3,1462.000000,1924.000000,462.000000,190.692857,,
SARIMAX,141,2020,Maha,Maha 2020/2021,144,2022,Yala,Yala 2022,3,1462.000000,1976.511818,514.511818,190.692857,1224.471619,3025.041734
Direct RF (lags),141,2020,Maha,Maha 2020/2021,144,2022,Yala,Yala 2022,3,1462.000000,1750.831750,288.831750,190.692857,,
SARIMAX + RF residual,141,2020,Maha,Maha 2020/2021,144,2022,Yala,Yala 2022,3,1462.000000,1643.691009,181.691009,190.692857,,
Seasonal naive,141,2020,Maha,Maha 2020/2021,145,2022,Maha,Maha 2022/2023,4,2696.000000,3061.000000,365.000000,190.692857,,
SARIMAX,141,2020,Maha,Maha 2020/2021,145,2022,Maha,Maha 2022/2023,4,2696.000000,3399.059598,703.059598,190.692857,2096.784047,5219.790073
Direct RF (lags),141,2020,Maha,Maha 2020/2021,145,2022,Maha,Maha 2022/2023,4,2696.000000,2706.053616,10.053616,190.692857,,
SARIMAX + RF residual,141,2020,Maha,Maha 2020/2021,145,2022,Maha,Maha 2022/2023,4,2696.000000,2955.201640,259.201640,190.692857,,
Seasonal naive,141,2020,Maha,Maha 2020/2021,146,2023,Yala,Yala 2023,5,1817.000000,1924.000000,107.000000,190.692857,,
SARIMAX,141,2020,Maha,Maha 2020/2021,146,2023,Yala,Yala 2023,5,1817.000000,2006.973200,189.973200,190.692857,1114.704265,3340.946433
Direct RF (lags),141,2020,Maha,Maha 2020/2021,146,2023,Yala,Yala 2023,5,1817.000000,1660.129467,-156.870533,190.692857,,
SARIMAX + RF residual,141,2020,Maha,Maha 2020/2021,146,2023,Yala,Yala 2023,5,1817.000000,1721.711956,-95.288044,190.692857,,
Seasonal naive,141,2020,Maha,Maha 2020/2021,147,2023,Maha,Maha 2023/2024,6,2709.000000,3061.000000,352.000000,190.692857,,
SARIMAX,141,2020,Maha,Maha 2020/2021,147,2023,Maha,Maha 2023/2024,6,2709.000000,3579.322726,870.322726,190.692857,1974.315233,5989.312279
Direct RF (lags),141,2020,Maha,Maha 2020/2021,147,2023,Maha,Maha 2023/2024,6,2709.000000,2743.241425,34.241425,190.692857,,
SARIMAX + RF residual,141,2020,Maha,Maha 2020/2021,147,2023,Maha,Maha 2023/2024,6,2709.000000,3176.569811,467.569811,190.692857,,
Seasonal naive,142,2021,Yala,Yala 2021,143,2021,Maha,Maha 2021/2022,1,1931.000000,3061.000000,1130.000000,190.503546,,
SARIMAX,142,2021,Yala,Yala 2021,143,2021,Maha,Maha 2021/2022,1,1931.000000,3371.111856,1440.111856,190.503546,2251.598253,4856.825510
Direct RF (lags),142,2021,Yala,Yala 2021,143,2021,Maha,Maha 2021/2022,1,1931.000000,2548.318413,617.318413,190.503546,,
SARIMAX + RF residual,142,2021,Yala,Yala 2021,143,2021,Maha,Maha 2021/2022,1,1931.000000,2915.832377,984.832377,190.503546,,
Seasonal naive,142,2021,Yala,Yala 2021,144,2022,Yala,Yala 2022,2,1462.000000,2088.000000,626.000000,190.503546,,
SARIMAX,142,2021,Yala,Yala 2021,144,2022,Yala,Yala 2022,2,1462.000000,2153.578928,691.578928,190.503546,1436.252477,3106.489216
Direct RF (lags),142,2021,Yala,Yala 2021,144,2022,Yala,Yala 2022,2,1462.000000,2144.059478,682.059478,190.503546,,
SARIMAX + RF residual,142,2021,Yala,Yala 2021,144,2022,Yala,Yala 2022,2,1462.000000,1743.375520,281.375520,190.503546,,
Seasonal naive,142,2021,Yala,Yala 2021,145,2022,Maha,Maha 2022/2023,3,2696.000000,3061.000000,365.000000,190.503546,,
SARIMAX,142,2021,Yala,Yala 2021,145,2022,Maha,Maha 2022/2023,3,2696.000000,3436.317892,740.317892,190.503546,2150.017757,5218.234073
Direct RF (lags),142,2021,Yala,Yala 2021,145,2022,Maha,Maha 2022/2023,3,2696.000000,2705.845889,9.845889,190.503546,,
SARIMAX + RF residual,142,2021,Yala,Yala 2021,145,2022,Maha,Maha 2022/2023,3,2696.000000,2941.150865,245.150865,190.503546,,
Seasonal naive,142,2021,Yala,Yala 2021,146,2023,Yala,Yala 2023,4,1817.000000,2088.000000,271.000000,190.503546,,
SARIMAX,142,2021,Yala,Yala 2021,146,2023,Yala,Yala 2023,4,1817.000000,2260.062841,443.062841,190.503546,1413.305296,3433.489232
Direct RF (lags),142,2021,Yala,Yala 2021,146,2023,Yala,Yala 2023,4,1817.000000,2218.958608,401.958608,190.503546,,
SARIMAX + RF residual,142,2021,Yala,Yala 2021,146,2023,Yala,Yala 2023,4,1817.000000,2026.452839,209.452839,190.503546,,
Seasonal naive,142,2021,Yala,Yala 2021,147,2023,Maha,Maha 2023/2024,5,2709.000000,3061.000000,352.000000,190.503546,,
SARIMAX,142,2021,Yala,Yala 2021,147,2023,Maha,Maha 2023/2024,5,2709.000000,3622.763152,913.763152,190.503546,2048.591330,5949.706877
Direct RF (lags),142,2021,Yala,Yala 2021,147,2023,Maha,Maha 2023/2024,5,2709.000000,2696.842904,-12.157096,190.503546,,
SARIMAX + RF residual,142,2021,Yala,Yala 2021,147,2023,Maha,Maha 2023/2024,5,2709.000000,3223.970405,514.970405,190.503546,,
Seasonal naive,142,2021,Yala,Yala 2021,148,2024,Yala,Yala 2024,6,2022.000000,2088.000000,66.000000,190.503546,,
SARIMAX,142,2021,Yala,Yala 2021,148,2024,Yala,Yala 2024,6,2022.000000,2352.057622,330.057622,190.503546,1328.893655,3865.322264
Direct RF (lags),142,2021,Yala,Yala 2021,148,2024,Yala,Yala 2024,6,2022.000000,1917.877797,-104.122203,190.503546,,
SARIMAX + RF residual,142,2021,Yala,Yala 2021,148,2024,Yala,Yala 2024,6,2022.000000,2089.195796,67.195796,190.503546,,
